ID,名稱,Lv↑,種族,屬性,體型,HP,B.Exp,J.Exp,ATK(min),ATK(max),DEF,MDEF,100%命中,95%迴避,img,location,floor,time
1038,[M] 俄塞里斯,68,不死,不死4,中,1175840,245520,200880,1580,2483,172 + 0,164 + 164,367,383,https://rd.fharr.com/assets/sprite/몬스터/idle/osiris.gif,中央實驗室 (1@lab),隨機,即時
1038,[M] 俄塞里斯,68,不死,不死4,中,1175840,245520,200880,1580,2483,172 + 0,164 + 164,367,383,https://rd.fharr.com/assets/sprite/몬스터/idle/osiris.gif,魔物終結塔 (2@tower),45樓,即時
1038,[M] 俄塞里斯,68,不死,不死4,中,1175840,245520,200880,1580,2483,172 + 0,164 + 164,367,383,https://rd.fharr.com/assets/sprite/몬스터/idle/osiris.gif,夢羅克金字塔 4樓 (moc_pryd04),隨機,1小時
1039,[M] 巴風特,81,惡魔,暗3,大,668000,436178,334106,2864,4148,279 + 0,45 + 45,406,406,https://rd.fharr.com/assets/sprite/몬스터/idle/baphomet.gif,中央實驗室 (1@lab),隨機,即時
1039,[M] 巴風特,81,惡魔,暗3,大,668000,436178,334106,2864,4148,279 + 0,45 + 45,406,406,https://rd.fharr.com/assets/sprite/몬스터/idle/baphomet.gif,魔物終結塔 (3@tower),75樓,即時
1039,[M] 巴風特,81,惡魔,暗3,大,668000,436178,334106,2864,4148,279 + 0,45 + 45,406,406,https://rd.fharr.com/assets/sprite/몬스터/idle/baphomet.gif,公會地下密穴 (gld_dun03),隨機,未知
1039,[M] 巴風特,81,惡魔,暗3,大,668000,436178,334106,2864,4148,279 + 0,45 + 45,406,406,https://rd.fharr.com/assets/sprite/몬스터/idle/baphomet.gif,普隆德拉迷宮森林 3樓 (prt_maze03),隨機,2小時
1046,[M] 死靈,77,惡魔,暗3,中,380000,344520,250560,1639,2515,246 + 0,86 + 86,399,416,https://rd.fharr.com/assets/sprite/몬스터/idle/doppelganger.gif,魔物終結塔 (3@tower),60樓,即時
1046,[M] 死靈,77,惡魔,暗3,中,380000,344520,250560,1639,2515,246 + 0,86 + 86,399,416,https://rd.fharr.com/assets/sprite/몬스터/idle/doppelganger.gif,中央實驗室 (1@lab),隨機,即時
1046,[M] 死靈,77,惡魔,暗3,中,380000,344520,250560,1639,2515,246 + 0,86 + 86,399,416,https://rd.fharr.com/assets/sprite/몬스터/idle/doppelganger.gif,公會地下密穴 (gld_dun04),隨機,未知
1046,[M] 死靈,77,惡魔,暗3,中,380000,344520,250560,1639,2515,246 + 0,86 + 86,399,416,https://rd.fharr.com/assets/sprite/몬스터/idle/doppelganger.gif,公會地下密穴 (gld_dun02),隨機,8小時
1046,[M] 死靈,77,惡魔,暗3,中,380000,344520,250560,1639,2515,246 + 0,86 + 86,399,416,https://rd.fharr.com/assets/sprite/몬스터/idle/doppelganger.gif,吉芬地下密穴 3樓 (gef_dun02),隨機,2小時
1059,[M] 蜂后,78,昆蟲,風4,小,378000,368280,301320,985,2352,187 + 0,192 + 192,464,420,https://rd.fharr.com/assets/sprite/몬스터/idle/mistress.gif,妙勒妙勒尼山脈北區 (mjolnir_04),隨機,2小時
1059,[M] 蜂后,78,昆蟲,風4,小,378000,368280,301320,985,2352,187 + 0,192 + 192,464,420,https://rd.fharr.com/assets/sprite/몬스터/idle/mistress.gif,中央實驗室 (1@lab),隨機,即時
1059,[M] 蜂后,78,昆蟲,風4,小,378000,368280,301320,985,2352,187 + 0,192 + 192,464,420,https://rd.fharr.com/assets/sprite/몬스터/idle/mistress.gif,公會地下密穴 (gld_dun02),隨機,8小時
1059,[M] 蜂后,78,昆蟲,風4,小,378000,368280,301320,985,2352,187 + 0,192 + 192,464,420,https://rd.fharr.com/assets/sprite/몬스터/idle/mistress.gif,魔物終結塔 (1@tower),10樓,即時
1086,[M] 黃金蟲,65,昆蟲,火2,大,222750,204120,155520,907,1750,159 + 0,81 + 81,342,362,https://rd.fharr.com/assets/sprite/몬스터/idle/golden_bug.gif,普隆德拉地下水道 4樓 (prt_sewb4),隨機,1小時
1086,[M] 黃金蟲,65,昆蟲,火2,大,222750,204120,155520,907,1750,159 + 0,81 + 81,342,362,https://rd.fharr.com/assets/sprite/몬스터/idle/golden_bug.gif,中央實驗室 (1@lab),隨機,即時
1086,[M] 黃金蟲,65,昆蟲,火2,大,222750,204120,155520,907,1750,159 + 0,81 + 81,342,362,https://rd.fharr.com/assets/sprite/몬스터/idle/golden_bug.gif,魔物終結塔 (1@tower),5樓,即時
1087,[M] 獸人英雄,50,人形,地2,大,362000,106920,97200,662,1103,197 + 0,70 + 70,332,364,https://rd.fharr.com/assets/sprite/몬스터/idle/ork_hero.gif,吉芬原野 (gef_fild03),隨機,1小時
1087,[M] 獸人英雄,50,人形,地2,大,362000,106920,97200,662,1103,197 + 0,70 + 70,332,364,https://rd.fharr.com/assets/sprite/몬스터/idle/ork_hero.gif,中央實驗室 (1@lab),隨機,即時
1087,[M] 獸人英雄,50,人形,地2,大,362000,106920,97200,662,1103,197 + 0,70 + 70,332,364,https://rd.fharr.com/assets/sprite/몬스터/idle/ork_hero.gif,魔物終結塔 (3@tower),70樓,即時
1087,[M] 獸人英雄,50,人形,地2,大,362000,106920,97200,662,1103,197 + 0,70 + 70,332,364,https://rd.fharr.com/assets/sprite/몬스터/idle/ork_hero.gif,獸人地下洞穴 (2@orcs),隨機,即時
1089,[B] 蛙王,27,魚貝,水1,中,660,162,182,70,89,24 + 0,6 + 6,246,221,https://rd.fharr.com/assets/sprite/몬스터/idle/toad.gif,克魔島基乃依沼澤地 (cmd_fild03),隨機,1小時
1089,[B] 蛙王,27,魚貝,水1,中,660,162,182,70,89,24 + 0,6 + 6,246,221,https://rd.fharr.com/assets/sprite/몬스터/idle/toad.gif,吉芬原野 (gef_fild01),隨機,1小時
1089,[B] 蛙王,27,魚貝,水1,中,660,162,182,70,89,24 + 0,6 + 6,246,221,https://rd.fharr.com/assets/sprite/몬스터/idle/toad.gif,中央實驗室 (1@lab),隨機,即時
1090,[B] 波利之王,42,植物,水1,中,1260,314,354,80,120,48 + 0,31 + 31,263,241,https://rd.fharr.com/assets/sprite/몬스터/idle/mastering.gif,魔物終結塔 (3@tower),57樓,即時
1090,[B] 波利之王,42,植物,水1,中,1260,314,354,80,120,48 + 0,31 + 31,263,241,https://rd.fharr.com/assets/sprite/몬스터/idle/mastering.gif,普隆德拉迷宮森林 3樓 (prt_maze03),隨機,30分鐘
1090,[B] 波利之王,42,植物,水1,中,1260,314,354,80,120,48 + 0,31 + 31,263,241,https://rd.fharr.com/assets/sprite/몬스터/idle/mastering.gif,薑餅城玩具工廠倉庫 (xmas_dun01),隨機,30分鐘
1090,[B] 波利之王,42,植物,水1,中,1260,314,354,80,120,48 + 0,31 + 31,263,241,https://rd.fharr.com/assets/sprite/몬스터/idle/mastering.gif,中央實驗室 (1@lab),隨機,即時
1090,[B] 波利之王,42,植物,水1,中,1260,314,354,80,120,48 + 0,31 + 31,263,241,https://rd.fharr.com/assets/sprite/몬스터/idle/mastering.gif,爾邁斯 瀑雷德 (yuno_fild04),隨機,1小時30分鐘
1090,[B] 波利之王,42,植物,水1,中,1260,314,354,80,120,48 + 0,31 + 31,263,241,https://rd.fharr.com/assets/sprite/몬스터/idle/mastering.gif,魔物終結塔 (1@tower),1樓,即時
1090,[B] 波利之王,42,植物,水1,中,1260,314,354,80,120,48 + 0,31 + 31,263,241,https://rd.fharr.com/assets/sprite/몬스터/idle/mastering.gif,蘇克拉特沙漠 (pay_fild04),隨機,1小時
1091,[B] 龍蠅,47,昆蟲,風1,小,1035,360,404,102,135,57 + 0,28 + 28,291,261,https://rd.fharr.com/assets/sprite/몬스터/idle/dragon_fly.gif,魔物終結塔 (4@tower),95樓,即時
1091,[B] 龍蠅,47,昆蟲,風1,小,1035,360,404,102,135,57 + 0,28 + 28,291,261,https://rd.fharr.com/assets/sprite/몬스터/idle/dragon_fly.gif,蘇克拉特沙漠 (moc_fild18),隨機,1小時
1092,[B] 流浪之狼,93,動物,地1,中,8203,1706,2600,399,445,102 + 0,51 + 51,356,353,https://rd.fharr.com/assets/sprite/몬스터/idle/vagabond_wolf.gif,普隆德拉迷宮森林 1樓 (prt_maze01),隨機,1小時
1092,[B] 流浪之狼,93,動物,地1,中,8203,1706,2600,399,445,102 + 0,51 + 51,356,353,https://rd.fharr.com/assets/sprite/몬스터/idle/vagabond_wolf.gif,普隆德拉迷宮森林 3樓 (prt_maze03),隨機,30分鐘
1092,[B] 流浪之狼,93,動物,地1,中,8203,1706,2600,399,445,102 + 0,51 + 51,356,353,https://rd.fharr.com/assets/sprite/몬스터/idle/vagabond_wolf.gif,魔物終結塔 (1@tower),2樓,即時
1092,[B] 流浪之狼,93,動物,地1,中,8203,1706,2600,399,445,102 + 0,51 + 51,356,353,https://rd.fharr.com/assets/sprite/몬스터/idle/vagabond_wolf.gif,中央實驗室 (1@lab),隨機,即時
1092,[B] 流浪之狼,93,動物,地1,中,8203,1706,2600,399,445,102 + 0,51 + 51,356,353,https://rd.fharr.com/assets/sprite/몬스터/idle/vagabond_wolf.gif,公會地下密穴 (gld_dun01),隨機,4小時
1093,[B] 藍瘋兔,31,動物,無3,中,625,206,232,60,80,50 + 0,20 + 20,259,228,https://rd.fharr.com/assets/sprite/몬스터/idle/eclipse.gif,普隆德拉原野 (prt_fild02),隨機,30分鐘
1093,[B] 藍瘋兔,31,動物,無3,中,625,206,232,60,80,50 + 0,20 + 20,259,228,https://rd.fharr.com/assets/sprite/몬스터/idle/eclipse.gif,普隆德拉迷宮森林 3樓 (prt_maze03),隨機,30分鐘
1093,[B] 藍瘋兔,31,動物,無3,中,625,206,232,60,80,50 + 0,20 + 20,259,228,https://rd.fharr.com/assets/sprite/몬스터/idle/eclipse.gif,中央實驗室 (1@lab),隨機,即時
1096,[B] 天使波利,77,天使,聖4,中,19800,3366,2692,355,500,72 + 0,238 + 238,327,314,https://rd.fharr.com/assets/sprite/몬스터/idle/angeling.gif,魔物終結塔 (3@tower),57樓,即時
1096,[B] 天使波利,77,天使,聖4,中,19800,3366,2692,355,500,72 + 0,238 + 238,327,314,https://rd.fharr.com/assets/sprite/몬스터/idle/angeling.gif,蘇克拉特沙漠 (pay_fild04),隨機,1小時
1096,[B] 天使波利,77,天使,聖4,中,19800,3366,2692,355,500,72 + 0,238 + 238,327,314,https://rd.fharr.com/assets/sprite/몬스터/idle/angeling.gif,爾邁斯 瀑雷德 (yuno_fild03),隨機,1小時
1096,[B] 天使波利,77,天使,聖4,中,19800,3366,2692,355,500,72 + 0,238 + 238,327,314,https://rd.fharr.com/assets/sprite/몬스터/idle/angeling.gif,中央實驗室 (1@lab),隨機,即時
1096,[B] 天使波利,77,天使,聖4,中,19800,3366,2692,355,500,72 + 0,238 + 238,327,314,https://rd.fharr.com/assets/sprite/몬스터/idle/angeling.gif,薑餅城玩具工廠倉庫 (xmas_dun01),隨機,1小時
1112,[M] 海盜之王,91,不死,不死1,中,804500,618192,417960,1938,3341,279 + 0,135 + 135,394,396,https://rd.fharr.com/assets/sprite/몬스터/idle/drake.gif,中央實驗室 (1@lab),隨機,即時
1112,[M] 海盜之王,91,不死,不死1,中,804500,618192,417960,1938,3341,279 + 0,135 + 135,394,396,https://rd.fharr.com/assets/sprite/몬스터/idle/drake.gif,艾爾貝塔沈船 2樓 (treasure02),隨機,2小時
1112,[M] 海盜之王,91,不死,不死1,中,804500,618192,417960,1938,3341,279 + 0,135 + 135,394,396,https://rd.fharr.com/assets/sprite/몬스터/idle/drake.gif,魔物終結塔 (1@tower),20樓,即時
1115,[M] 虎王,65,動物,火1,大,947500,207900,148500,849,1196,166 + 0,70 + 70,345,325,https://rd.fharr.com/assets/sprite/몬스터/idle/eddga.gif,公會地下密穴 (gld_dun01),隨機,8小時
1115,[M] 虎王,65,動物,火1,大,947500,207900,148500,849,1196,166 + 0,70 + 70,345,325,https://rd.fharr.com/assets/sprite/몬스터/idle/eddga.gif,中央實驗室 (1@lab),隨機,即時
1115,[M] 虎王,65,動物,火1,大,947500,207900,148500,849,1196,166 + 0,70 + 70,345,325,https://rd.fharr.com/assets/sprite/몬스터/idle/eddga.gif,公會地下密穴 2樓 (gld_dun01_2),隨機,8小時
1115,[M] 虎王,65,動物,火1,大,947500,207900,148500,849,1196,166 + 0,70 + 70,345,325,https://rd.fharr.com/assets/sprite/몬스터/idle/eddga.gif,斐揚森林 (pay_fild10),隨機,2小時
1120,[B] 幽靈波利,90,惡魔,念4,中,26700,4736,4466,350,512,88 + 0,72 + 72,375,359,https://rd.fharr.com/assets/sprite/몬스터/idle/ghostring.gif,公會地下密穴 (gld_dun04),隨機,4小時
1120,[B] 幽靈波利,90,惡魔,念4,中,26700,4736,4466,350,512,88 + 0,72 + 72,375,359,https://rd.fharr.com/assets/sprite/몬스터/idle/ghostring.gif,魔物終結塔 (3@tower),57樓,即時
1120,[B] 幽靈波利,90,惡魔,念4,中,26700,4736,4466,350,512,88 + 0,72 + 72,375,359,https://rd.fharr.com/assets/sprite/몬스터/idle/ghostring.gif,中央實驗室 (1@lab),隨機,即時
1120,[B] 幽靈波利,90,惡魔,念4,中,26700,4736,4466,350,512,88 + 0,72 + 72,375,359,https://rd.fharr.com/assets/sprite/몬스터/idle/ghostring.gif,艾爾貝塔沈船 2樓 (treasure02),隨機,1小時
1120,[B] 幽靈波利,90,惡魔,念4,中,26700,4736,4466,350,512,88 + 0,72 + 72,375,359,https://rd.fharr.com/assets/sprite/몬스터/idle/ghostring.gif,蘇克拉特沙漠 (pay_fild04),隨機,1小時
1120,[B] 幽靈波利,90,惡魔,念4,中,26700,4736,4466,350,512,88 + 0,72 + 72,375,359,https://rd.fharr.com/assets/sprite/몬스터/idle/ghostring.gif,普隆德拉迷宮森林 3樓 (prt_maze03),隨機,2小時
1147,[M] 蟻后,55,昆蟲,地4,大,380000,178560,133920,555,820,183 + 0,50 + 50,352,307,https://rd.fharr.com/assets/sprite/몬스터/idle/maya.gif,公會地下密穴 (gld_dun03),隨機,8小時
1147,[M] 蟻后,55,昆蟲,地4,大,380000,178560,133920,555,820,183 + 0,50 + 50,352,307,https://rd.fharr.com/assets/sprite/몬스터/idle/maya.gif,公會地下密穴 2樓 (gld_dun02_2),隨機,8小時
1147,[M] 蟻后,55,昆蟲,地4,大,380000,178560,133920,555,820,183 + 0,50 + 50,352,307,https://rd.fharr.com/assets/sprite/몬스터/idle/maya.gif,中央實驗室 (1@lab),隨機,即時
1147,[M] 蟻后,55,昆蟲,地4,大,380000,178560,133920,555,820,183 + 0,50 + 50,352,307,https://rd.fharr.com/assets/sprite/몬스터/idle/maya.gif,魔物終結塔 (1@tower),15樓,即時
1147,[M] 蟻后,55,昆蟲,地4,大,380000,178560,133920,555,820,183 + 0,50 + 50,352,307,https://rd.fharr.com/assets/sprite/몬스터/idle/maya.gif,夢羅克螞蟻地獄密穴 2樓 (anthell02),隨機,2小時
1150,[M] 月夜貓,79,惡魔,火3,中,324000,367488,271440,2029,3280,154 + 0,81 + 81,381,380,https://rd.fharr.com/assets/sprite/몬스터/idle/moonlight.gif,斐揚洞穴 5樓(廢村) (pay_dun04),隨機,1小時
1150,[M] 月夜貓,79,惡魔,火3,中,324000,367488,271440,2029,3280,154 + 0,81 + 81,381,380,https://rd.fharr.com/assets/sprite/몬스터/idle/moonlight.gif,中央實驗室 (1@lab),隨機,即時
1150,[M] 月夜貓,79,惡魔,火3,中,324000,367488,271440,2029,3280,154 + 0,81 + 81,381,380,https://rd.fharr.com/assets/sprite/몬스터/idle/moonlight.gif,魔物終結塔 (1@tower),25樓,即時
1150,[M] 月夜貓,79,惡魔,火3,中,324000,367488,271440,2029,3280,154 + 0,81 + 81,381,380,https://rd.fharr.com/assets/sprite/몬스터/idle/moonlight.gif,公會地下密穴 (gld_dun01),隨機,8小時
1157,[M] 法老王,85,人形,暗3,大,900000,459360,334080,1476,3258,124 + 0,269 + 269,387,397,https://rd.fharr.com/assets/sprite/몬스터/idle/pharaoh.gif,中央實驗室 (1@lab),隨機,即時
1157,[M] 法老王,85,人形,暗3,大,900000,459360,334080,1476,3258,124 + 0,269 + 269,387,397,https://rd.fharr.com/assets/sprite/몬스터/idle/pharaoh.gif,夢羅克人面獅身像 地下 5樓 (in_sphinx5),隨機,1小時
1157,[M] 法老王,85,人形,暗3,大,900000,459360,334080,1476,3258,124 + 0,269 + 269,387,397,https://rd.fharr.com/assets/sprite/몬스터/idle/pharaoh.gif,魔物終結塔 (2@tower),50樓,即時
1159,[M] 皮里恩,71,動物,無3,大,300000,127600,180000,630,1597,269 + 0,98 + 98,341,343,https://rd.fharr.com/assets/sprite/몬스터/idle/phreeoni.gif,中央實驗室 (1@lab),隨機,即時
1159,[M] 皮里恩,71,動物,無3,大,300000,127600,180000,630,1597,269 + 0,98 + 98,341,343,https://rd.fharr.com/assets/sprite/몬스터/idle/phreeoni.gif,魔物終結塔 (1@tower),15樓,即時
1159,[M] 皮里恩,71,動物,無3,大,300000,127600,180000,630,1597,269 + 0,98 + 98,341,343,https://rd.fharr.com/assets/sprite/몬스터/idle/phreeoni.gif,蘇克拉特沙漠 (moc_fild17),隨機,2小時
1190,[M] 獸人酋長,55,人形,地4,大,552000,156240,122760,780,1428,256 + 0,92 + 92,350,380,https://rd.fharr.com/assets/sprite/몬스터/idle/orc_lord.gif,中央實驗室 (1@lab),隨機,即時
1190,[M] 獸人酋長,55,人形,地4,大,552000,156240,122760,780,1428,256 + 0,92 + 92,350,380,https://rd.fharr.com/assets/sprite/몬스터/idle/orc_lord.gif,魔物終結塔 (3@tower),70樓,即時
1190,[M] 獸人酋長,55,人形,地4,大,552000,156240,122760,780,1428,256 + 0,92 + 92,350,380,https://rd.fharr.com/assets/sprite/몬스터/idle/orc_lord.gif,獸人村 (gef_fild10),隨機,2小時
1200,[B] 艾斯恩魔女,105,人形,無3,中,61350,9332,7748,610,790,91 + 0,99 + 99,366,388,https://rd.fharr.com/assets/sprite/몬스터/idle/zherlthsh.gif,魔物終結塔 (3@tower),73樓,即時
1200,[B] 艾斯恩魔女,105,人形,無3,中,61350,9332,7748,610,790,91 + 0,99 + 99,366,388,https://rd.fharr.com/assets/sprite/몬스터/idle/zherlthsh.gif,克雷斯特漢姆古城 地下監獄 2樓 (gl_prison1),隨機,1小時
1203,[B] 弒神者,130,無形,暗4,大,70000,10294,4986,771,1338,73 + 0,61 + 61,469,430,https://rd.fharr.com/assets/sprite/몬스터/idle/mysteltainn.gif,魔物終結塔 (4@tower),81樓,即時
1203,[B] 弒神者,130,無形,暗4,大,70000,10294,4986,771,1338,73 + 0,61 + 61,469,430,https://rd.fharr.com/assets/sprite/몬스터/idle/mysteltainn.gif,葛帔尼亞 (gefenia01),隨機,3小時
1203,[B] 弒神者,130,無形,暗4,大,70000,10294,4986,771,1338,73 + 0,61 + 61,469,430,https://rd.fharr.com/assets/sprite/몬스터/idle/mysteltainn.gif,葛帔尼亞 (gefenia03),隨機,5小時
1203,[B] 弒神者,130,無形,暗4,大,70000,10294,4986,771,1338,73 + 0,61 + 61,469,430,https://rd.fharr.com/assets/sprite/몬스터/idle/mysteltainn.gif,葛帔尼亞 (gefenia04),隨機,5小時
1203,[B] 弒神者,130,無形,暗4,大,70000,10294,4986,771,1338,73 + 0,61 + 61,469,430,https://rd.fharr.com/assets/sprite/몬스터/idle/mysteltainn.gif,克雷斯特漢姆古城 騎士團 2樓 (gl_knt02),隨機,1小時
1203,[B] 弒神者,130,無形,暗4,大,70000,10294,4986,771,1338,73 + 0,61 + 61,469,430,https://rd.fharr.com/assets/sprite/몬스터/idle/mysteltainn.gif,克雷斯特漢姆古城 2樓 (gl_cas02),隨機,2小時
1203,[B] 弒神者,130,無形,暗4,大,70000,10294,4986,771,1338,73 + 0,61 + 61,469,430,https://rd.fharr.com/assets/sprite/몬스터/idle/mysteltainn.gif,葛帔尼亞 (gefenia02),隨機,5小時
1204,[B] 獸牙怪,114,無形,暗3,中,59000,6948,5008,677,1088,87 + 0,69 + 69,419,392,https://rd.fharr.com/assets/sprite/몬스터/idle/tirfing.gif,魔物終結塔 (4@tower),81樓,即時
1204,[B] 獸牙怪,114,無形,暗3,中,59000,6948,5008,677,1088,87 + 0,69 + 69,419,392,https://rd.fharr.com/assets/sprite/몬스터/idle/tirfing.gif,葛帔尼亞 (gefenia03),隨機,5小時
1204,[B] 獸牙怪,114,無形,暗3,中,59000,6948,5008,677,1088,87 + 0,69 + 69,419,392,https://rd.fharr.com/assets/sprite/몬스터/idle/tirfing.gif,葛帔尼亞 (gefenia04),隨機,5小時
1204,[B] 獸牙怪,114,無形,暗3,中,59000,6948,5008,677,1088,87 + 0,69 + 69,419,392,https://rd.fharr.com/assets/sprite/몬스터/idle/tirfing.gif,葛帔尼亞 (gefenia01),隨機,5小時
1204,[B] 獸牙怪,114,無形,暗3,中,59000,6948,5008,677,1088,87 + 0,69 + 69,419,392,https://rd.fharr.com/assets/sprite/몬스터/idle/tirfing.gif,克雷斯特漢姆古城 2樓 (gl_cas02),隨機,2小時
1204,[B] 獸牙怪,114,無形,暗3,中,59000,6948,5008,677,1088,87 + 0,69 + 69,419,392,https://rd.fharr.com/assets/sprite/몬스터/idle/tirfing.gif,葛帔尼亞 (gefenia02),隨機,3小時
1205,[B] 行刑者,101,無形,暗2,大,40200,5832,3644,515,874,97 + 0,188 + 188,397,359,https://rd.fharr.com/assets/sprite/몬스터/idle/executioner.gif,魔物終結塔 (4@tower),81樓,即時
1205,[B] 行刑者,101,無形,暗2,大,40200,5832,3644,515,874,97 + 0,188 + 188,397,359,https://rd.fharr.com/assets/sprite/몬스터/idle/executioner.gif,葛帔尼亞 (gefenia04),隨機,5小時
1205,[B] 行刑者,101,無形,暗2,大,40200,5832,3644,515,874,97 + 0,188 + 188,397,359,https://rd.fharr.com/assets/sprite/몬스터/idle/executioner.gif,葛帔尼亞 (gefenia01),隨機,5小時
1205,[B] 行刑者,101,無形,暗2,大,40200,5832,3644,515,874,97 + 0,188 + 188,397,359,https://rd.fharr.com/assets/sprite/몬스터/idle/executioner.gif,葛帔尼亞 (gefenia02),隨機,5小時
1205,[B] 行刑者,101,無形,暗2,大,40200,5832,3644,515,874,97 + 0,188 + 188,397,359,https://rd.fharr.com/assets/sprite/몬스터/idle/executioner.gif,葛帔尼亞 (gefenia03),隨機,3小時
1251,[M] 冰暴騎士,92,無形,風4,大,630500,496560,302200,2677,4110,306 + 0,166 + 166,457,433,https://rd.fharr.com/assets/sprite/몬스터/idle/knight_of_windstorm.gif,薑餅城玩具分類場 (xmas_dun02),隨機,1小時
1251,[M] 冰暴騎士,92,無形,風4,大,630500,496560,302200,2677,4110,306 + 0,166 + 166,457,433,https://rd.fharr.com/assets/sprite/몬스터/idle/knight_of_windstorm.gif,中央實驗室 (1@lab),隨機,即時
1252,[M] 卡崙,98,動物,水4,大,1275500,910656,613800,1862,3595,173 + 0,103 + 103,451,414,https://rd.fharr.com/assets/sprite/몬스터/idle/garm.gif,中央實驗室 (1@lab),隨機,即時
1252,[M] 卡崙,98,動物,水4,大,1275500,910656,613800,1862,3595,173 + 0,103 + 103,451,414,https://rd.fharr.com/assets/sprite/몬스터/idle/garm.gif,薑餅城原野 (xmas_fild01),隨機,2小時
1259,[B] 獅鷲獸,105,動物,風4,大,60720,11292,5808,717,820,113 + 0,72 + 72,438,412,https://rd.fharr.com/assets/sprite/몬스터/idle/gryphon.gif,魔物終結塔 (4@tower),83樓,即時
1259,[B] 獅鷲獸,105,動物,風4,大,60720,11292,5808,717,820,113 + 0,72 + 72,438,412,https://rd.fharr.com/assets/sprite/몬스터/idle/gryphon.gif,魔物終結塔 (4@tower),86樓,即時
1259,[B] 獅鷲獸,105,動物,風4,大,60720,11292,5808,717,820,113 + 0,72 + 72,438,412,https://rd.fharr.com/assets/sprite/몬스터/idle/gryphon.gif,毀葛原野 (hu_fild02),隨機,1小時
1262,[B] 半龍人,65,龍族,火2,大,50706,3826,12830,1120,1654,130 + 0,20 + 20,300,333,https://rd.fharr.com/assets/sprite/몬스터/idle/mutant_dragon.gif,魔物終結塔 (3@tower),67樓,即時
1262,[B] 半龍人,65,龍族,火2,大,50706,3826,12830,1120,1654,130 + 0,20 + 20,300,333,https://rd.fharr.com/assets/sprite/몬스터/idle/mutant_dragon.gif,克魔島基乃依沼澤地 (cmd_fild03),隨機,即時
1268,[B] 血腥騎士,116,無形,暗4,大,68500,9552,7812,942,1065,122 + 0,50 + 50,386,411,https://rd.fharr.com/assets/sprite/몬스터/idle/bloody_knight.gif,魔物終結塔 (4@tower),78樓,即時
1268,[B] 血腥騎士,116,無形,暗4,大,68500,9552,7812,942,1065,122 + 0,50 + 50,386,411,https://rd.fharr.com/assets/sprite/몬스터/idle/bloody_knight.gif,魔物終結塔 (4@tower),82樓,即時
1268,[B] 血腥騎士,116,無形,暗4,大,68500,9552,7812,942,1065,122 + 0,50 + 50,386,411,https://rd.fharr.com/assets/sprite/몬스터/idle/bloody_knight.gif,魔物終結塔 (4@tower),93樓,即時
1268,[B] 血腥騎士,116,無形,暗4,大,68500,9552,7812,942,1065,122 + 0,50 + 50,386,411,https://rd.fharr.com/assets/sprite/몬스터/idle/bloody_knight.gif,魔物終結塔 (4@tower),99樓,即時
1268,[B] 血腥騎士,116,無形,暗4,大,68500,9552,7812,942,1065,122 + 0,50 + 50,386,411,https://rd.fharr.com/assets/sprite/몬스터/idle/bloody_knight.gif,葛帔尼亞 (gefenia03),隨機,1小時
1268,[B] 血腥騎士,116,無形,暗4,大,68500,9552,7812,942,1065,122 + 0,50 + 50,386,411,https://rd.fharr.com/assets/sprite/몬스터/idle/bloody_knight.gif,葛帔尼亞 (gefenia04),隨機,1小時
1268,[B] 血腥騎士,116,無形,暗4,大,68500,9552,7812,942,1065,122 + 0,50 + 50,386,411,https://rd.fharr.com/assets/sprite/몬스터/idle/bloody_knight.gif,葛帔尼亞 (gefenia01),隨機,1小時
1268,[B] 血腥騎士,116,無形,暗4,大,68500,9552,7812,942,1065,122 + 0,50 + 50,386,411,https://rd.fharr.com/assets/sprite/몬스터/idle/bloody_knight.gif,克雷斯特漢姆古城 騎士團 2樓 (gl_knt02),隨機,1小時
1268,[B] 血腥騎士,116,無形,暗4,大,68500,9552,7812,942,1065,122 + 0,50 + 50,386,411,https://rd.fharr.com/assets/sprite/몬스터/idle/bloody_knight.gif,葛帔尼亞 (gefenia02),隨機,1小時
1272,[M] 黑暗之王,96,惡魔,不死4,大,1190900,857088,558000,2585,3935,330 + 0,168 + 168,432,427,https://rd.fharr.com/assets/sprite/몬스터/idle/dark_lord.gif,克雷斯特漢姆古城 地下公墓 (gl_chyard),隨機,1小時
1272,[M] 黑暗之王,96,惡魔,不死4,大,1190900,857088,558000,2585,3935,330 + 0,168 + 168,432,427,https://rd.fharr.com/assets/sprite/몬스터/idle/dark_lord.gif,中央實驗室 (1@lab),隨機,即時
1272,[M] 黑暗之王,96,惡魔,不死4,大,1190900,857088,558000,2585,3935,330 + 0,168 + 168,432,427,https://rd.fharr.com/assets/sprite/몬스터/idle/dark_lord.gif,公會地下密穴 2樓 (gld_dun04_2),隨機,8小時
1272,[M] 黑暗之王,96,惡魔,不死4,大,1190900,857088,558000,2585,3935,330 + 0,168 + 168,432,427,https://rd.fharr.com/assets/sprite/몬스터/idle/dark_lord.gif,古城地下公墓(夢魘) [網站備註] (gl_chyard_),隨機,1小時
1272,[M] 黑暗之王,96,惡魔,不死4,大,1190900,857088,558000,2585,3935,330 + 0,168 + 168,432,427,https://rd.fharr.com/assets/sprite/몬스터/idle/dark_lord.gif,魔物終結塔 (3@tower),75樓,即時
1272,[M] 黑暗之王,96,惡魔,不死4,大,1190900,857088,558000,2585,3935,330 + 0,168 + 168,432,427,https://rd.fharr.com/assets/sprite/몬스터/idle/dark_lord.gif,公會地下密穴 (gld_dun04),隨機,8小時
1283,[B] 凱美拉,70,動物,火3,大,26406,5426,4698,980,1128,159 + 0,10 + 10,308,323,https://rd.fharr.com/assets/sprite/몬스터/idle/chimera.gif,魔物終結塔 (4@tower),83樓,即時
1283,[B] 凱美拉,70,動物,火3,大,26406,5426,4698,980,1128,159 + 0,10 + 10,308,323,https://rd.fharr.com/assets/sprite/몬스터/idle/chimera.gif,魔物終結塔 (4@tower),86樓,即時
1283,[B] 凱美拉,70,動物,火3,大,26406,5426,4698,980,1128,159 + 0,10 + 10,308,323,https://rd.fharr.com/assets/sprite/몬스터/idle/chimera.gif,克雷斯特漢姆古城 2樓 (gl_cas02),隨機,5秒
1289,[B] 狂暴蟻后,81,昆蟲,地4,大,77670,12884,6516,1447,2000,139 + 0,40 + 40,333,346,https://rd.fharr.com/assets/sprite/몬스터/idle/maya_puple.gif,公會地下密穴 (gld_dun03),隨機,20分鐘
1289,[B] 狂暴蟻后,81,昆蟲,地4,大,77670,12884,6516,1447,2000,139 + 0,40 + 40,333,346,https://rd.fharr.com/assets/sprite/몬스터/idle/maya_puple.gif,深淵迴廊 : 英雄之淚 (gld2_ald),隨機,20分鐘
1289,[B] 狂暴蟻后,81,昆蟲,地4,大,77670,12884,6516,1447,2000,139 + 0,40 + 40,333,346,https://rd.fharr.com/assets/sprite/몬스터/idle/maya_puple.gif,公會地下密穴 2樓 (gld_dun02_2),隨機,20分鐘
1295,[B] 鴞裊男爵,120,惡魔,無3,大,21000,5304,5088,449,650,88 + 0,25 + 25,385,367,https://rd.fharr.com/assets/sprite/몬스터/idle/owl_baron.gif,達納托斯塔台上層部 (tha_t06),隨機,5秒
1295,[B] 鴞裊男爵,120,惡魔,無3,大,21000,5304,5088,449,650,88 + 0,25 + 25,385,367,https://rd.fharr.com/assets/sprite/몬스터/idle/owl_baron.gif,達納托斯塔台上層部 (tha_t05),隨機,5秒
1295,[B] 鴞裊男爵,120,惡魔,無3,大,21000,5304,5088,449,650,88 + 0,25 + 25,385,367,https://rd.fharr.com/assets/sprite/몬스터/idle/owl_baron.gif,達納托斯塔台下層部 廢棄空間 (tha_t04),隨機,5秒
1295,[B] 鴞裊男爵,120,惡魔,無3,大,21000,5304,5088,449,650,88 + 0,25 + 25,385,367,https://rd.fharr.com/assets/sprite/몬스터/idle/owl_baron.gif,魔物終結塔 (4@tower),84樓,即時
1295,[B] 鴞裊男爵,120,惡魔,無3,大,21000,5304,5088,449,650,88 + 0,25 + 25,385,367,https://rd.fharr.com/assets/sprite/몬스터/idle/owl_baron.gif,克雷斯特漢姆古城 1樓 (gl_cas01),隨機,5秒
1295,[B] 鴞裊男爵,120,惡魔,無3,大,21000,5304,5088,449,650,88 + 0,25 + 25,385,367,https://rd.fharr.com/assets/sprite/몬스터/idle/owl_baron.gif,公會地下密穴 (gld_dun02),隨機,5秒
1296,[B] 犬妖首領,112,人形,風2,中,13520,3436,2858,711,807,90 + 0,62 + 62,346,365,https://rd.fharr.com/assets/sprite/몬스터/idle/kobolt_leader.gif,浦勒吐盧納 (ra_fild06),隨機,30分鐘
1296,[B] 犬妖首領,112,人形,風2,中,13520,3436,2858,711,807,90 + 0,62 + 62,346,365,https://rd.fharr.com/assets/sprite/몬스터/idle/kobolt_leader.gif,公會地下密穴 2樓 (gld_dun03_2),隨機,4小時
1296,[B] 犬妖首領,112,人形,風2,中,13520,3436,2858,711,807,90 + 0,62 + 62,346,365,https://rd.fharr.com/assets/sprite/몬스터/idle/kobolt_leader.gif,魔物終結塔 (2@tower),33樓,即時
1299,[B] 哥布靈首領,55,人形,風1,中,21692,4672,5006,165,214,72 + 0,30 + 30,322,291,https://rd.fharr.com/assets/sprite/몬스터/idle/goblin_leader.gif,吉芬原野 (gef_fild11),隨機,30分鐘
1299,[B] 哥布靈首領,55,人形,風1,中,21692,4672,5006,165,214,72 + 0,30 + 30,322,291,https://rd.fharr.com/assets/sprite/몬스터/idle/goblin_leader.gif,魔物終結塔 (2@tower),32樓,即時
1302,[B] 迷幻之王,96,惡魔,不死4,大,46255,9908,9098,666,726,145 + 0,60 + 60,332,368,https://rd.fharr.com/assets/sprite/몬스터/idle/dark_illusion.gif,魔物終結塔 (4@tower),84樓,即時
1302,[B] 迷幻之王,96,惡魔,不死4,大,46255,9908,9098,666,726,145 + 0,60 + 60,332,368,https://rd.fharr.com/assets/sprite/몬스터/idle/dark_illusion.gif,魔物終結塔 (3@tower),75樓,即時
1302,[B] 迷幻之王,96,惡魔,不死4,大,46255,9908,9098,666,726,145 + 0,60 + 60,332,368,https://rd.fharr.com/assets/sprite/몬스터/idle/dark_illusion.gif,魔物終結塔 (4@tower),83樓,即時
1302,[B] 迷幻之王,96,惡魔,不死4,大,46255,9908,9098,666,726,145 + 0,60 + 60,332,368,https://rd.fharr.com/assets/sprite/몬스터/idle/dark_illusion.gif,古城地下公墓(夢魘) [網站備註] (gl_chyard_),隨機,1小時
1302,[B] 迷幻之王,96,惡魔,不死4,大,46255,9908,9098,666,726,145 + 0,60 + 60,332,368,https://rd.fharr.com/assets/sprite/몬스터/idle/dark_illusion.gif,克雷斯特漢姆古城 地下公墓 (gl_chy_a),隨機,1小時
1302,[B] 迷幻之王,96,惡魔,不死4,大,46255,9908,9098,666,726,145 + 0,60 + 60,332,368,https://rd.fharr.com/assets/sprite/몬스터/idle/dark_illusion.gif,克雷斯特漢姆古城 地下公墓 (gl_chyard),隨機,1小時
1302,[B] 迷幻之王,96,惡魔,不死4,大,46255,9908,9098,666,726,145 + 0,60 + 60,332,368,https://rd.fharr.com/assets/sprite/몬스터/idle/dark_illusion.gif,公會地下密穴 (gld_dun04),隨機,20分鐘
1302,[B] 迷幻之王,96,惡魔,不死4,大,46255,9908,9098,666,726,145 + 0,60 + 60,332,368,https://rd.fharr.com/assets/sprite/몬스터/idle/dark_illusion.gif,公會地下密穴 2樓 (gld_dun04_2),隨機,20分鐘
1302,[B] 迷幻之王,96,惡魔,不死4,大,46255,9908,9098,666,726,145 + 0,60 + 60,332,368,https://rd.fharr.com/assets/sprite/몬스터/idle/dark_illusion.gif,深淵迴廊 : 亡者之丘 (gld2_gef),隨機,20分鐘
1307,[B] 狂暴月夜貓,79,惡魔,火3,中,23600,4148,5792,467,547,100 + 0,50 + 50,354,328,https://rd.fharr.com/assets/sprite/몬스터/idle/cat_o_nine_tail.gif,魔物終結塔 (1@tower),25樓,即時
1307,[B] 狂暴月夜貓,79,惡魔,火3,中,23600,4148,5792,467,547,100 + 0,50 + 50,354,328,https://rd.fharr.com/assets/sprite/몬스터/idle/cat_o_nine_tail.gif,公會地下密穴 (gld_dun01),隨機,20分鐘
1307,[B] 狂暴月夜貓,79,惡魔,火3,中,23600,4148,5792,467,547,100 + 0,50 + 50,354,328,https://rd.fharr.com/assets/sprite/몬스터/idle/cat_o_nine_tail.gif,斐揚洞穴 5樓(廢村) (pay_dun04),隨機,1小時
1312,[M] 烏龜將軍,110,動物,地2,大,1442000,1119744,748440,2438,4504,394 + 0,123 + 123,433,461,https://rd.fharr.com/assets/sprite/몬스터/idle/turtle_general.gif,舊良宮 (tur_dun04),隨機,1小時
1312,[M] 烏龜將軍,110,動物,地2,大,1442000,1119744,748440,2438,4504,394 + 0,123 + 123,433,461,https://rd.fharr.com/assets/sprite/몬스터/idle/turtle_general.gif,中央實驗室 (1@lab),隨機,即時
1312,[M] 烏龜將軍,110,動物,地2,大,1442000,1119744,748440,2438,4504,394 + 0,123 + 123,433,461,https://rd.fharr.com/assets/sprite/몬스터/idle/turtle_general.gif,魔物終結塔 (2@tower),35樓,即時
1320,[B] 鴞裊首領,92,惡魔,無3,大,7381,2476,2334,480,680,80 + 27,45 + 45,343,350,https://rd.fharr.com/assets/sprite/몬스터/idle/owl_duke.gif,達納托斯塔台上層部 (tha_t05),隨機,5秒
1320,[B] 鴞裊首領,92,惡魔,無3,大,7381,2476,2334,480,680,80 + 27,45 + 45,343,350,https://rd.fharr.com/assets/sprite/몬스터/idle/owl_duke.gif,達納托斯塔台上層部 (tha_t06),隨機,5秒
1320,[B] 鴞裊首領,92,惡魔,無3,大,7381,2476,2334,480,680,80 + 27,45 + 45,343,350,https://rd.fharr.com/assets/sprite/몬스터/idle/owl_duke.gif,艾爾帕蘭鐘塔 地上4樓 (c_tower4),隨機,5秒
1320,[B] 鴞裊首領,92,惡魔,無3,大,7381,2476,2334,480,680,80 + 27,45 + 45,343,350,https://rd.fharr.com/assets/sprite/몬스터/idle/owl_duke.gif,克雷斯特漢姆古城 1樓 (gl_cas01),隨機,5秒
1320,[B] 鴞裊首領,92,惡魔,無3,大,7381,2476,2334,480,680,80 + 27,45 + 45,343,350,https://rd.fharr.com/assets/sprite/몬스터/idle/owl_duke.gif,魔物終結塔 (4@tower),84樓,5秒
1373,[M] 死靈騎士,94,惡魔,暗3,大,603883,524544,345252,4116,5078,336 + 0,73 + 73,393,364,https://rd.fharr.com/assets/sprite/몬스터/idle/lord_of_death.gif,中央實驗室 (1@lab),隨機,即時
1373,[M] 死靈騎士,94,惡魔,暗3,大,603883,524544,345252,4116,5078,336 + 0,73 + 73,393,364,https://rd.fharr.com/assets/sprite/몬스터/idle/lord_of_death.gif,亡者國都 尼芙菲姆 (niflheim),隨機,2小時13分鐘
1388,[B] 聖天使波利,84,天使,聖3,中,25100,3578,2910,539,639,92 + 0,81 + 81,332,353,https://rd.fharr.com/assets/sprite/몬스터/idle/archangeling.gif,魔物終結塔 (3@tower),57樓,即時
1388,[B] 聖天使波利,84,天使,聖3,中,25100,3578,2910,539,639,92 + 0,81 + 81,332,353,https://rd.fharr.com/assets/sprite/몬스터/idle/archangeling.gif,爾邁斯 瀑雷德 (yuno_fild04),隨機,1小時
1389,[M] 德古拉男爵,75,惡魔,暗4,大,350000,343728,245520,1322,3134,152 + 4,146 + 146,374,390,https://rd.fharr.com/assets/sprite/몬스터/idle/dracula.gif,中央實驗室 (1@lab),隨機,即時
1389,[M] 德古拉男爵,75,惡魔,暗4,大,350000,343728,245520,1322,3134,152 + 4,146 + 146,374,390,https://rd.fharr.com/assets/sprite/몬스터/idle/dracula.gif,吉芬地下密穴 2樓 (gef_dun01),隨機,1小時
1418,[M] 墨蛇君,105,動物,念3,大,1101000,864000,630000,2217,4203,314 + 0,185 + 185,477,471,https://rd.fharr.com/assets/sprite/몬스터/idle/dark_snake_lord.gif,魔物終結塔 (3@tower),55樓,即時
1418,[M] 墨蛇君,105,動物,念3,大,1101000,864000,630000,2217,4203,314 + 0,185 + 185,477,471,https://rd.fharr.com/assets/sprite/몬스터/idle/dark_snake_lord.gif,中央實驗室 (1@lab),隨機,即時
1418,[M] 墨蛇君,105,動物,念3,大,1101000,864000,630000,2217,4203,314 + 0,185 + 185,477,471,https://rd.fharr.com/assets/sprite/몬스터/idle/dark_snake_lord.gif,崑崙武陵道院 (gon_dun03),隨機,1小時30分鐘
1492,[M] 元靈武士,100,人形,暗3,大,901000,902016,595080,2196,3132,296 + 0,140 + 140,461,425,https://rd.fharr.com/assets/sprite/몬스터/idle/incantation_samurai.gif,魔物終結塔 (2@tower),40樓,即時
1492,[M] 元靈武士,100,人形,暗3,大,901000,902016,595080,2196,3132,296 + 0,140 + 140,461,425,https://rd.fharr.com/assets/sprite/몬스터/idle/incantation_samurai.gif,天津町 地下神舍 (ama_dun03),隨機,1小時30分鐘
1511,[M] 古埃及王,69,人形,地3,大,1009000,240120,187920,710,1792,213 + 0,123 + 123,358,340,https://rd.fharr.com/assets/sprite/몬스터/idle/amon_ra.gif,夢羅克金字塔 地下 2樓 (moc_pryd06),隨機,1小時 至 1小時10分鐘
1511,[M] 古埃及王,69,人形,地3,大,1009000,240120,187920,710,1792,213 + 0,123 + 123,358,340,https://rd.fharr.com/assets/sprite/몬스터/idle/amon_ra.gif,魔物終結塔 (2@tower),50樓,即時
1518,[M] 白素貞,97,人形,水2,大,720500,801792,542880,1088,3124,210 + 0,178 + 178,541,472,https://rd.fharr.com/assets/sprite/몬스터/idle/bacsojin.gif,,,
1582,[B] 惡魔波利,66,惡魔,暗4,中,16890,2394,2378,298,481,67 + 0,70 + 70,316,313,https://rd.fharr.com/assets/sprite/몬스터/idle/deviling.gif,魔物終結塔 (3@tower),57樓,即時
1582,[B] 惡魔波利,66,惡魔,暗4,中,16890,2394,2378,298,481,67 + 0,70 + 70,316,313,https://rd.fharr.com/assets/sprite/몬스터/idle/deviling.gif,蘇克拉特沙漠 (pay_fild04),隨機,2小時
1582,[B] 惡魔波利,66,惡魔,暗4,中,16890,2394,2378,298,481,67 + 0,70 + 70,316,313,https://rd.fharr.com/assets/sprite/몬스터/idle/deviling.gif,爾邁斯 瀑雷德 (yuno_fild03),隨機,1小時40分鐘
1583,[M] 塔奧群卡,110,惡魔,無3,大,1252000,1080000,720000,2890,4150,404 + 0,143 + 143,485,479,https://rd.fharr.com/assets/sprite/몬스터/idle/tao_gunka.gif,克魔島西邊洞穴加露 (beach_dun),隨機,5小時
1623,[M] RSX-0806,100,無形,無3,大,1001000,864000,576000,2105,3031,317 + 75,96 + 96,443,435,https://rd.fharr.com/assets/sprite/몬스터/idle/rsx_0806.gif,艾音貝赫礦山 2樓 (ein_dun02),隨機,2小時5分鐘
1623,[M] RSX-0806,100,無形,無3,大,1001000,864000,576000,2105,3031,317 + 75,96 + 96,443,435,https://rd.fharr.com/assets/sprite/몬스터/idle/rsx_0806.gif,中央實驗室 (1@lab),隨機,即時
1630,[M] 白素貞,97,人形,風3,大,720500,801792,542880,1088,3124,210 + 0,178 + 178,541,472,https://rd.fharr.com/assets/sprite/몬스터/idle/bacsojin.gif,魔物終結塔 (2@tower),30樓,未知
1630,[M] 白素貞,97,人形,風3,大,720500,801792,542880,1088,3124,210 + 0,178 + 178,541,472,https://rd.fharr.com/assets/sprite/몬스터/idle/bacsojin.gif,中央實驗室 (1@lab),隨機,即時
1630,[M] 白素貞,97,人形,風3,大,720500,801792,542880,1088,3124,210 + 0,178 + 178,541,472,https://rd.fharr.com/assets/sprite/몬스터/idle/bacsojin.gif,龍之城審良宮 (lou_dun03),隨機,2小時
1646,[M] 闇●騎士領主 賽依連,160,人形,火3,中,4680000,6035328,3481920,2342,6435,567 + 0,155 + 155,525,508,https://rd.fharr.com/assets/sprite/몬스터/idle/seyren.gif,保羅協夫的研究室 (1@lhz),隨機,3天
1647,[M] 闇●十字刺客 艾勒梅斯,160,人形,毒4,中,4230000,5440500,3147120,5237,7670,445 + 0,98 + 98,698,555,https://rd.fharr.com/assets/sprite/몬스터/idle/eremes.gif,保羅協夫的研究室 (1@lhz),隨機,3天
1648,[M] 闇●神工匠 哈沃德,160,人形,地4,中,6750000,4621500,2930400,1465,5250,301 + 0,106 + 106,508,507,https://rd.fharr.com/assets/sprite/몬스터/idle/harword.gif,保羅協夫的研究室 (1@lhz),隨機,3天
1649,[M] 闇●神官 瑪嘉雷特,160,人形,聖4,中,4800000,4504500,2772000,1666,5062,231 + 0,349 + 349,510,485,https://rd.fharr.com/assets/sprite/몬스터/idle/magaleta.gif,保羅協夫的研究室 (1@lhz),隨機,3天
1650,[M] 闇●神射手 迪文,160,人形,風4,中,4140000,5338944,3080160,1550,4155,178 + 0,135 + 135,615,585,https://rd.fharr.com/assets/sprite/몬스터/idle/shecil.gif,保羅協夫的研究室 (1@lhz),隨機,3天
1651,[M] 闇●超魔導師 凱特莉娜,160,人形,念3,中,4500000,4008200,1636700,2097,4254,215 + 0,555 + 555,550,585,https://rd.fharr.com/assets/sprite/몬스터/idle/katrinn.gif,保羅協夫的研究室 (1@lhz),隨機,3天
1658,[M] 闇●劍士 賽尼亞,141,人形,火2,中,2910088,1370720,2046000,5117,7512,373 + 0,175 + 175,518,496,https://rd.fharr.com/assets/sprite/몬스터/idle/ygnizem.gif,活體實驗研究所 地下 2樓 (lhz_dun02),隨機,2小時 至 2小時10分鐘
1658,[M] 闇●劍士 賽尼亞,141,人形,火2,中,2910088,1370720,2046000,5117,7512,373 + 0,175 + 175,518,496,https://rd.fharr.com/assets/sprite/몬스터/idle/ygnizem.gif,魔物終結塔 (3@tower),60樓,即時
1674,[B] 莫內,88,無形,火3,大,80000,0,0,2400,3400,87 + 0,25 + 25,289,402,https://rd.fharr.com/assets/sprite/몬스터/idle/monemus.gif,,,
1681,[B] 雙子星-S58,135,無形,水3,中,108999,12142,9542,785,1107,89 + 0,45 + 45,427,399,https://rd.fharr.com/assets/sprite/몬스터/idle/gemini.gif,活體實驗研究所 地下 2樓 (lhz_dun02),隨機,30分鐘
1681,[B] 雙子星-S58,135,無形,水3,中,108999,12142,9542,785,1107,89 + 0,45 + 45,427,399,https://rd.fharr.com/assets/sprite/몬스터/idle/gemini.gif,活體實驗研究所 地下1樓 (lhz_dun01),隨機,30分鐘
1685,[M] 貝思波,128,動物,聖2,大,3802000,3510000,2250000,2620,7276,402 + 0,109 + 109,523,480,https://rd.fharr.com/assets/sprite/몬스터/idle/apocalips_h.gif,優配擂斯中心部 (jupe_core),隨機,2小時
1688,[M] 嗒妮小姐,80,植物,風3,大,360000,367488,261000,1760,2685,141 + 0,104 + 104,388,450,https://rd.fharr.com/assets/sprite/몬스터/idle/lady_tanee.gif,哎喲泰雅 古神殿內部 (ayo_dun02),隨機,7小時10分鐘
1688,[M] 嗒妮小姐,80,植物,風3,大,360000,367488,261000,1760,2685,141 + 0,104 + 104,388,450,https://rd.fharr.com/assets/sprite/몬스터/idle/lady_tanee.gif,中央實驗室 (1@lab),隨機,即時
1700,[B] 監視者,127,天使,聖4,中,34538,7328,7046,643,795,98 + 0,55 + 55,402,403,https://rd.fharr.com/assets/sprite/몬스터/idle/observation.gif,魔物終結塔 (3@tower),69樓,即時
1700,[B] 監視者,127,天使,聖4,中,34538,7328,7046,643,795,98 + 0,55 + 55,402,403,https://rd.fharr.com/assets/sprite/몬스터/idle/observation.gif,達納托斯塔台上層部 天使之房 (tha_t07),隨機,5秒
1700,[B] 監視者,127,天使,聖4,中,34538,7328,7046,643,795,98 + 0,55 + 55,402,403,https://rd.fharr.com/assets/sprite/몬스터/idle/observation.gif,達納托斯塔台上層部 天使之房 (tha_t08),隨機,5秒
1700,[B] 監視者,127,天使,聖4,中,34538,7328,7046,643,795,98 + 0,55 + 55,402,403,https://rd.fharr.com/assets/sprite/몬스터/idle/observation.gif,達納托斯塔台下層部 廢棄空間 (tha_t04),隨機,5秒
1701,[B] 安息者,125,天使,聖3,中,27000,6286,6040,691,935,80 + 0,89 + 89,391,390,https://rd.fharr.com/assets/sprite/몬스터/idle/shelter.gif,魔物終結塔 (3@tower),69樓,5秒
1701,[B] 安息者,125,天使,聖3,中,27000,6286,6040,691,935,80 + 0,89 + 89,391,390,https://rd.fharr.com/assets/sprite/몬스터/idle/shelter.gif,達納托斯塔台上層部 天使之房 (tha_t07),隨機,5秒
1701,[B] 安息者,125,天使,聖3,中,27000,6286,6040,691,935,80 + 0,89 + 89,391,390,https://rd.fharr.com/assets/sprite/몬스터/idle/shelter.gif,達納托斯塔台下層部 廢棄空間 (tha_t03),隨機,5秒
1702,[B] 代行刑者,121,天使,暗3,中,22152,6094,5848,798,1102,61 + 0,35 + 35,381,369,https://rd.fharr.com/assets/sprite/몬스터/idle/retribution.gif,達納托斯塔台上層部 天使之房 (tha_t08),隨機,5秒
1702,[B] 代行刑者,121,天使,暗3,中,22152,6094,5848,798,1102,61 + 0,35 + 35,381,369,https://rd.fharr.com/assets/sprite/몬스터/idle/retribution.gif,達納托斯塔台上層部 天使之房 (tha_t07),隨機,5秒
1702,[B] 代行刑者,121,天使,暗3,中,22152,6094,5848,798,1102,61 + 0,35 + 35,381,369,https://rd.fharr.com/assets/sprite/몬스터/idle/retribution.gif,魔物終結塔 (3@tower),69樓,即時
1702,[B] 代行刑者,121,天使,暗3,中,22152,6094,5848,798,1102,61 + 0,35 + 35,381,369,https://rd.fharr.com/assets/sprite/몬스터/idle/retribution.gif,魔物終結塔 (4@tower),90樓,即時
1702,[B] 代行刑者,121,天使,暗3,中,22152,6094,5848,798,1102,61 + 0,35 + 35,381,369,https://rd.fharr.com/assets/sprite/몬스터/idle/retribution.gif,魔物終結塔 (4@tower),99樓,即時
1702,[B] 代行刑者,121,天使,暗3,中,22152,6094,5848,798,1102,61 + 0,35 + 35,381,369,https://rd.fharr.com/assets/sprite/몬스터/idle/retribution.gif,達納托斯塔台下層部 博物館 (tha_t02),隨機,5秒
1703,[B] 慰勞者,123,天使,聖3,中,24729,6190,5944,667,832,96 + 0,96 + 96,388,375,https://rd.fharr.com/assets/sprite/몬스터/idle/solace.gif,魔物終結塔 (3@tower),69樓,即時
1703,[B] 慰勞者,123,天使,聖3,中,24729,6190,5944,667,832,96 + 0,96 + 96,388,375,https://rd.fharr.com/assets/sprite/몬스터/idle/solace.gif,魔物終結塔 (4@tower),90樓,即時
1703,[B] 慰勞者,123,天使,聖3,中,24729,6190,5944,667,832,96 + 0,96 + 96,388,375,https://rd.fharr.com/assets/sprite/몬스터/idle/solace.gif,魔物終結塔 (4@tower),99樓,即時
1703,[B] 慰勞者,123,天使,聖3,中,24729,6190,5944,667,832,96 + 0,96 + 96,388,375,https://rd.fharr.com/assets/sprite/몬스터/idle/solace.gif,達納托斯塔台上層部 天使之房 (tha_t07),隨機,5秒
1703,[B] 慰勞者,123,天使,聖3,中,24729,6190,5944,667,832,96 + 0,96 + 96,388,375,https://rd.fharr.com/assets/sprite/몬스터/idle/solace.gif,達納托斯塔台上層部 天使之房 (tha_t08),隨機,5秒
1703,[B] 慰勞者,123,天使,聖3,中,24729,6190,5944,667,832,96 + 0,96 + 96,388,375,https://rd.fharr.com/assets/sprite/몬스터/idle/solace.gif,達納托斯塔台下層部 博物館入口 (tha_t01),隨機,5秒
1704,[B] 塔納托斯的憎恨,129,人形,念4,大,40200,6686,7516,758,902,120 + 0,30 + 30,407,428,https://rd.fharr.com/assets/sprite/몬스터/idle/tha_odium.gif,魔物終結塔 (4@tower),89樓,即時
1704,[B] 塔納托斯的憎恨,129,人形,念4,大,40200,6686,7516,758,902,120 + 0,30 + 30,407,428,https://rd.fharr.com/assets/sprite/몬스터/idle/tha_odium.gif,達納托斯塔台上層部 天使之房 (tha_t08),隨機,5秒
1705,[B] 塔納托斯的絕望,129,不死,念4,大,41111,6686,7516,737,908,95 + 0,69 + 69,425,390,https://rd.fharr.com/assets/sprite/몬스터/idle/tha_despero.gif,魔物終結塔 (4@tower),89樓,即時
1705,[B] 塔納托斯的絕望,129,不死,念4,大,41111,6686,7516,737,908,95 + 0,69 + 69,425,390,https://rd.fharr.com/assets/sprite/몬스터/idle/tha_despero.gif,達納托斯塔台上層部 天使之房 (tha_t07),隨機,5秒
1706,[B] 塔納托斯的悲哀,129,不死,念4,中,42599,6686,7516,756,1001,96 + 0,90 + 90,440,381,https://rd.fharr.com/assets/sprite/몬스터/idle/tha_maero.gif,魔物終結塔 (4@tower),89樓,即時
1706,[B] 塔納托斯的悲哀,129,不死,念4,中,42599,6686,7516,756,1001,96 + 0,90 + 90,440,381,https://rd.fharr.com/assets/sprite/몬스터/idle/tha_maero.gif,達納托斯塔台上層部 (tha_t06),隨機,5秒
1707,[B] 塔納托斯的苦惱,129,不死,念4,小,45000,6686,7516,700,901,71 + 0,80 + 80,401,377,https://rd.fharr.com/assets/sprite/몬스터/idle/tha_dolor.gif,魔物終結塔 (4@tower),89樓,即時
1707,[B] 塔納托斯的苦惱,129,不死,念4,小,45000,6686,7516,700,901,71 + 0,80 + 80,401,377,https://rd.fharr.com/assets/sprite/몬스터/idle/tha_dolor.gif,達納托斯塔台上層部 (tha_t05),隨機,5秒
1708,[M] 魔劍士 達納托斯的記憶,99,惡魔,念4,大,1445660,1559280,1930554,3812,5483,364 + 0,35 + 35,428,475,https://rd.fharr.com/assets/sprite/몬스터/idle/thanatos.gif,中央實驗室 (1@lab),隨機,即時
1708,[M] 魔劍士 達納托斯的記憶,99,惡魔,念4,大,1445660,1559280,1930554,3812,5483,364 + 0,35 + 35,428,475,https://rd.fharr.com/assets/sprite/몬스터/idle/thanatos.gif,達納托斯塔台(不明區域) (thana_boss),隨機,2小時
1719,[M] 迪塔勒泰晤勒斯,135,龍族,暗3,大,6005000,5616000,3420000,3557,5186,364 + 0,166 + 166,488,490,https://rd.fharr.com/assets/sprite/몬스터/idle/detale.gif,中央實驗室 (1@lab),隨機,即時
1719,[M] 迪塔勒泰晤勒斯,135,龍族,暗3,大,6005000,5616000,3420000,3557,5186,364 + 0,166 + 166,488,490,https://rd.fharr.com/assets/sprite/몬스터/idle/detale.gif,毀葛深淵湖水 地下洞穴 3樓 (abyss_03),隨機,3小時
1720,[B] 三頭龍,121,龍族,暗2,大,41500,8170,4462,760,910,92 + 0,58 + 58,393,379,https://rd.fharr.com/assets/sprite/몬스터/idle/hydro.gif,魔物終結塔 (4@tower),79樓,即時
1720,[B] 三頭龍,121,龍族,暗2,大,41500,8170,4462,760,910,92 + 0,58 + 58,393,379,https://rd.fharr.com/assets/sprite/몬스터/idle/hydro.gif,魔物終結塔 (4@tower),86樓,即時
1720,[B] 三頭龍,121,龍族,暗2,大,41500,8170,4462,760,910,92 + 0,58 + 58,393,379,https://rd.fharr.com/assets/sprite/몬스터/idle/hydro.gif,毀葛深淵湖水 地下洞穴 3樓 (abyss_03_a),隨機,即時
1720,[B] 三頭龍,121,龍族,暗2,大,41500,8170,4462,760,910,92 + 0,58 + 58,393,379,https://rd.fharr.com/assets/sprite/몬스터/idle/hydro.gif,毀葛深淵湖水 地下洞穴 3樓 (abyss_03_b),隨機,即時
1720,[B] 三頭龍,121,龍族,暗2,大,41500,8170,4462,760,910,92 + 0,58 + 58,393,379,https://rd.fharr.com/assets/sprite/몬스터/idle/hydro.gif,毀葛深淵湖水 地下洞穴 3樓 (abyss_03),隨機,5秒
1733,[B] 齊爾,90,無形,暗2,中,523000,36134,21064,0,3311,28 + 76,32 + 32,402,416,https://rd.fharr.com/assets/sprite/몬스터/idle/kiel.gif,,,
1734,[M] 齊爾-D-01,125,無形,暗2,中,2502000,2340000,1440000,2937,6517,314 + 0,232 + 232,512,494,https://rd.fharr.com/assets/sprite/몬스터/idle/kiel_.gif,機械娃娃工廠 2樓 (kh_dun02),隨機,2小時
1734,[M] 齊爾-D-01,125,無形,暗2,中,2502000,2340000,1440000,2937,6517,314 + 0,232 + 232,512,494,https://rd.fharr.com/assets/sprite/몬스터/idle/kiel_.gif,中央實驗室 (1@lab),隨機,即時
1751,[M] 蘭特克力斯,141,天使,聖4,大,2910088,2600000,2200000,6211,9148,588 + 0,506 + 506,472,566,https://rd.fharr.com/assets/sprite/몬스터/idle/randgris.gif,中央實驗室 (1@lab),隨機,即時
1751,[M] 蘭特克力斯,141,天使,聖4,大,2910088,2600000,2200000,6211,9148,588 + 0,506 + 506,472,566,https://rd.fharr.com/assets/sprite/몬스터/idle/randgris.gif,魔物終結塔 (4@tower),90樓,即時
1751,[M] 蘭特克力斯,141,天使,聖4,大,2910088,2600000,2200000,6211,9148,588 + 0,506 + 506,472,566,https://rd.fharr.com/assets/sprite/몬스터/idle/randgris.gif,毀葛奧丁神殿北區 (odin_tem03),隨機,8小時
1754,[B] 褐方體惡魔,131,天使,聖2,小,53290,7218,4418,733,1058,85 + 0,92 + 92,420,399,https://rd.fharr.com/assets/sprite/몬스터/idle/skeggiold.gif,奧丁神殿3F（分流A） [網站備註] (odin_t03a),隨機,即時
1754,[B] 褐方體惡魔,131,天使,聖2,小,53290,7218,4418,733,1058,85 + 0,92 + 92,420,399,https://rd.fharr.com/assets/sprite/몬스터/idle/skeggiold.gif,毀葛奧丁神殿北區 (odin_tem03),隨機,5秒
1754,[B] 褐方體惡魔,131,天使,聖2,小,53290,7218,4418,733,1058,85 + 0,92 + 92,420,399,https://rd.fharr.com/assets/sprite/몬스터/idle/skeggiold.gif,魔物終結塔 (4@tower),83樓,即時
1754,[B] 褐方體惡魔,131,天使,聖2,小,53290,7218,4418,733,1058,85 + 0,92 + 92,420,399,https://rd.fharr.com/assets/sprite/몬스터/idle/skeggiold.gif,魔物終結塔 (4@tower),96樓,即時
1754,[B] 褐方體惡魔,131,天使,聖2,小,53290,7218,4418,733,1058,85 + 0,92 + 92,420,399,https://rd.fharr.com/assets/sprite/몬스터/idle/skeggiold.gif,魔物終結塔 (4@tower),99樓,即時
1754,[B] 褐方體惡魔,131,天使,聖2,小,53290,7218,4418,733,1058,85 + 0,92 + 92,420,399,https://rd.fharr.com/assets/sprite/몬스터/idle/skeggiold.gif,毀葛奧丁神殿南區 (odin_tem02),隨機,5秒
1755,[B] 黑方體惡魔,131,天使,聖2,小,52280,7214,4410,767,985,80 + 0,86 + 86,417,403,https://rd.fharr.com/assets/sprite/몬스터/idle/skeggiold_.gif,奧丁神殿3F（分流A） [網站備註] (odin_t03a),隨機,即時
1755,[B] 黑方體惡魔,131,天使,聖2,小,52280,7214,4410,767,985,80 + 0,86 + 86,417,403,https://rd.fharr.com/assets/sprite/몬스터/idle/skeggiold_.gif,毀葛奧丁神殿北區 (odin_tem03),隨機,5秒
1755,[B] 黑方體惡魔,131,天使,聖2,小,52280,7214,4410,767,985,80 + 0,86 + 86,417,403,https://rd.fharr.com/assets/sprite/몬스터/idle/skeggiold_.gif,魔物終結塔 (4@tower),96樓,即時
1755,[B] 黑方體惡魔,131,天使,聖2,小,52280,7214,4410,767,985,80 + 0,86 + 86,417,403,https://rd.fharr.com/assets/sprite/몬스터/idle/skeggiold_.gif,魔物終結塔 (4@tower),99樓,即時
1755,[B] 黑方體惡魔,131,天使,聖2,小,52280,7214,4410,767,985,80 + 0,86 + 86,417,403,https://rd.fharr.com/assets/sprite/몬스터/idle/skeggiold_.gif,毀葛奧丁神殿南區 (odin_tem02),隨機,5秒
1765,[B] 巴基力 蘭特克力斯,141,天使,聖2,大,1005000,0,0,2895,6101,588 + 0,506 + 506,472,566,https://rd.fharr.com/assets/sprite/몬스터/idle/g_randgris.gif,魔物終結塔 (4@tower),96樓,即時
1765,[B] 巴基力 蘭特克力斯,141,天使,聖2,大,1005000,0,0,2895,6101,588 + 0,506 + 506,472,566,https://rd.fharr.com/assets/sprite/몬스터/idle/g_randgris.gif,魔物終結塔 (4@tower),99樓,即時
1765,[B] 巴基力 蘭特克力斯,141,天使,聖2,大,1005000,0,0,2895,6101,588 + 0,506 + 506,472,566,https://rd.fharr.com/assets/sprite/몬스터/idle/g_randgris.gif,奧丁神殿3F（分流A） [網站備註] (odin_t03a),隨機,1小時30分鐘
1765,[B] 巴基力 蘭特克力斯,141,天使,聖2,大,1005000,0,0,2895,6101,588 + 0,506 + 506,472,566,https://rd.fharr.com/assets/sprite/몬스터/idle/g_randgris.gif,毀葛奧丁神殿北區 (odin_tem03),隨機,1小時30分鐘
1768,[M] 幽暗夢魘,139,無形,念3,大,3005000,2808000,1800000,5880,9516,479 + 0,262 + 262,562,550,https://rd.fharr.com/assets/sprite/몬스터/idle/gloomundernight.gif,中央實驗室 (1@lab),隨機,即時
1768,[M] 幽暗夢魘,139,無形,念3,大,3005000,2808000,1800000,5880,9516,479 + 0,262 + 262,562,550,https://rd.fharr.com/assets/sprite/몬스터/idle/gloomundernight.gif,拉赫神殿聖域二樓中區 (ra_san05),隨機,5小時
1779,[M] 水晶龍,98,動物,水4,大,2626000,1242690,949942,2888,5568,129 + 0,78 + 78,424,445,https://rd.fharr.com/assets/sprite/몬스터/idle/ktullanux.gif,拉赫冰穴 3樓 (ice_dun03),隨機,2小時
1779,[M] 水晶龍,98,動物,水4,大,2626000,1242690,949942,2888,5568,129 + 0,78 + 78,424,445,https://rd.fharr.com/assets/sprite/몬스터/idle/ktullanux.gif,中央實驗室 (1@lab),隨機,即時
1783,[B] 迦利,100,動物,風2,中,8821,2774,2632,405,482,100 + 0,62 + 62,379,360,https://rd.fharr.com/assets/sprite/몬스터/idle/galion.gif,菲音斯原野 (ve_fild01),隨機,即時
1783,[B] 迦利,100,動物,風2,中,8821,2774,2632,405,482,100 + 0,62 + 62,379,360,https://rd.fharr.com/assets/sprite/몬스터/idle/galion.gif,菲音斯原野 (ve_fild04),隨機,即時
1783,[B] 迦利,100,動物,風2,中,8821,2774,2632,405,482,100 + 0,62 + 62,379,360,https://rd.fharr.com/assets/sprite/몬스터/idle/galion.gif,魔物終結塔 (3@tower),65樓,即時
1783,[B] 迦利,100,動物,風2,中,8821,2774,2632,405,482,100 + 0,62 + 62,379,360,https://rd.fharr.com/assets/sprite/몬스터/idle/galion.gif,菲音斯原野 (ve_fild02),隨機,即時
1785,[M] 阿特羅斯,113,動物,暗3,大,1502000,1404000,855000,2031,3534,316 + 0,176 + 176,478,435,https://rd.fharr.com/assets/sprite/몬스터/idle/atros.gif,拉赫 伊達平原 (ra_fild03),隨機,3小時
1785,[M] 阿特羅斯,113,動物,暗3,大,1502000,1404000,855000,2031,3534,316 + 0,176 + 176,478,435,https://rd.fharr.com/assets/sprite/몬스터/idle/atros.gif,拉赫 阿巫敦拉草原 (ra_fild04),隨機,5小時
1785,[M] 阿特羅斯,113,動物,暗3,大,1502000,1404000,855000,2031,3534,316 + 0,176 + 176,478,435,https://rd.fharr.com/assets/sprite/몬스터/idle/atros.gif,魔物終結塔 (3@tower),65樓,即時
1785,[M] 阿特羅斯,113,動物,暗3,大,1502000,1404000,855000,2031,3534,316 + 0,176 + 176,478,435,https://rd.fharr.com/assets/sprite/몬스터/idle/atros.gif,公會地下密穴 2樓 (gld_dun03_2),隨機,8小時
1785,[M] 阿特羅斯,113,動物,暗3,大,1502000,1404000,855000,2031,3534,316 + 0,176 + 176,478,435,https://rd.fharr.com/assets/sprite/몬스터/idle/atros.gif,中央實驗室 (1@lab),隨機,即時
1785,[M] 阿特羅斯,113,動物,暗3,大,1502000,1404000,855000,2031,3534,316 + 0,176 + 176,478,435,https://rd.fharr.com/assets/sprite/몬스터/idle/atros.gif,菲音斯原野 (ve_fild02),隨機,6小時
1785,[M] 阿特羅斯,113,動物,暗3,大,1502000,1404000,855000,2031,3534,316 + 0,176 + 176,478,435,https://rd.fharr.com/assets/sprite/몬스터/idle/atros.gif,菲音斯原野 (ve_fild01),隨機,3小時
1829,[B] 劍士監護人魔物,133,人形,無4,大,70000,5850,3374,751,880,122 + 0,62 + 62,420,406,https://rd.fharr.com/assets/sprite/몬스터/idle/null.gif,菲音斯 托爾火山洞穴 3樓 (thor_v03),隨機,5秒 至 30分鐘
1829,[B] 劍士監護人魔物,133,人形,無4,大,70000,5850,3374,751,880,122 + 0,62 + 62,420,406,https://rd.fharr.com/assets/sprite/몬스터/idle/null.gif,魔物終結塔 (4@tower),94樓,即時
1829,[B] 劍士監護人魔物,133,人形,無4,大,70000,5850,3374,751,880,122 + 0,62 + 62,420,406,https://rd.fharr.com/assets/sprite/몬스터/idle/null.gif,魔物終結塔 (4@tower),99樓,即時
1829,[B] 劍士監護人魔物,133,人形,無4,大,70000,5850,3374,751,880,122 + 0,62 + 62,420,406,https://rd.fharr.com/assets/sprite/몬스터/idle/null.gif,菲音斯 托爾火山洞穴 1樓 (thor_v01),隨機,5秒 至 7分鐘
1829,[B] 劍士監護人魔物,133,人形,無4,大,70000,5850,3374,751,880,122 + 0,62 + 62,420,406,https://rd.fharr.com/assets/sprite/몬스터/idle/null.gif,魔物終結塔 (4@tower),78樓,即時
1829,[B] 劍士監護人魔物,133,人形,無4,大,70000,5850,3374,751,880,122 + 0,62 + 62,420,406,https://rd.fharr.com/assets/sprite/몬스터/idle/null.gif,菲音斯 托爾火山洞穴 2樓 (thor_v02),隨機,2小時
1830,[B] 弓箭手監護人魔物,132,人形,無4,大,63000,5710,3294,766,886,127 + 0,62 + 62,412,424,https://rd.fharr.com/assets/sprite/몬스터/idle/null.gif,菲音斯 托爾火山洞穴 3樓 (thor_v03),隨機,5秒
1830,[B] 弓箭手監護人魔物,132,人形,無4,大,63000,5710,3294,766,886,127 + 0,62 + 62,412,424,https://rd.fharr.com/assets/sprite/몬스터/idle/null.gif,魔物終結塔 (4@tower),94樓,即時
1830,[B] 弓箭手監護人魔物,132,人形,無4,大,63000,5710,3294,766,886,127 + 0,62 + 62,412,424,https://rd.fharr.com/assets/sprite/몬스터/idle/null.gif,魔物終結塔 (4@tower),99樓,即時
1830,[B] 弓箭手監護人魔物,132,人形,無4,大,63000,5710,3294,766,886,127 + 0,62 + 62,412,424,https://rd.fharr.com/assets/sprite/몬스터/idle/null.gif,菲音斯 托爾火山洞穴 1樓 (thor_v01),隨機,5秒
1830,[B] 弓箭手監護人魔物,132,人形,無4,大,63000,5710,3294,766,886,127 + 0,62 + 62,412,424,https://rd.fharr.com/assets/sprite/몬스터/idle/null.gif,魔物終結塔 (4@tower),91樓,即時
1830,[B] 弓箭手監護人魔物,132,人形,無4,大,63000,5710,3294,766,886,127 + 0,62 + 62,412,424,https://rd.fharr.com/assets/sprite/몬스터/idle/null.gif,魔物終結塔 (4@tower),99樓,即時
1830,[B] 弓箭手監護人魔物,132,人形,無4,大,63000,5710,3294,766,886,127 + 0,62 + 62,412,424,https://rd.fharr.com/assets/sprite/몬스터/idle/null.gif,菲音斯 托爾火山洞穴 2樓 (thor_v02),隨機,2小時
1831,[B] 火蜥蝪,138,無形,火3,大,80390,7694,718,1399,1799,141 + 0,68 + 68,443,440,https://rd.fharr.com/assets/sprite/몬스터/idle/salamander.gif,菲音斯 托爾火山洞穴 3樓 (thor_v03),隨機,5秒
1831,[B] 火蜥蝪,138,無形,火3,大,80390,7694,718,1399,1799,141 + 0,68 + 68,443,440,https://rd.fharr.com/assets/sprite/몬스터/idle/salamander.gif,魔物終結塔 (4@tower),87樓,即時
1831,[B] 火蜥蝪,138,無形,火3,大,80390,7694,718,1399,1799,141 + 0,68 + 68,443,440,https://rd.fharr.com/assets/sprite/몬스터/idle/salamander.gif,菲音斯 托爾火山洞穴 1樓 (thor_v01),隨機,5秒
1831,[B] 火蜥蝪,138,無形,火3,大,80390,7694,718,1399,1799,141 + 0,68 + 68,443,440,https://rd.fharr.com/assets/sprite/몬스터/idle/salamander.gif,菲音斯 托爾火山洞穴 2樓 (thor_v02),隨機,5秒
1832,[M] 伊夫利特,146,無形,火4,大,6935000,6696000,4860000,13530,17000,436 + 0,218 + 218,547,515,https://rd.fharr.com/assets/sprite/몬스터/idle/ifrit.gif,菲音斯 托爾火山洞穴 3樓 (thor_v03),隨機,11小時
1832,[M] 伊夫利特,146,無形,火4,大,6935000,6696000,4860000,13530,17000,436 + 0,218 + 218,547,515,https://rd.fharr.com/assets/sprite/몬스터/idle/ifrit.gif,中央實驗室 (1@lab),隨機,即時
1832,[M] 伊夫利特,146,無形,火4,大,6935000,6696000,4860000,13530,17000,436 + 0,218 + 218,547,515,https://rd.fharr.com/assets/sprite/몬스터/idle/ifrit.gif,魔物終結塔 (4@tower),85樓,即時
1833,[B] 火鳥,135,無形,火3,大,70128,7278,7708,1004,1309,104 + 0,70 + 70,409,413,https://rd.fharr.com/assets/sprite/몬스터/idle/kasa.gif,菲音斯 托爾火山洞穴 1樓 (thor_v01),隨機,5秒
1833,[B] 火鳥,135,無形,火3,大,70128,7278,7708,1004,1309,104 + 0,70 + 70,409,413,https://rd.fharr.com/assets/sprite/몬스터/idle/kasa.gif,菲音斯 托爾火山洞穴 3樓 (thor_v03),隨機,5秒
1833,[B] 火鳥,135,無形,火3,大,70128,7278,7708,1004,1309,104 + 0,70 + 70,409,413,https://rd.fharr.com/assets/sprite/몬스터/idle/kasa.gif,魔物終結塔 (4@tower),87樓,即時
1839,[B] 漂流浪人,135,人形,無1,中,92544,10042,5542,793,934,120 + 0,13 + 13,421,386,https://rd.fharr.com/assets/sprite/몬스터/idle/byorgue.gif,菲音斯 托爾火山洞穴 3樓 (thor_v03),隨機,5秒
1839,[B] 漂流浪人,135,人形,無1,中,92544,10042,5542,793,934,120 + 0,13 + 13,421,386,https://rd.fharr.com/assets/sprite/몬스터/idle/byorgue.gif,菲音斯 托爾火山洞穴 1樓 (thor_v01),隨機,5秒
1870,[B] 行妖術者,133,不死,不死4,中,91304,5980,5980,706,1112,84 + 0,73 + 73,387,394,https://rd.fharr.com/assets/sprite/몬스터/idle/necromancer.gif,無名島修道院 地下2樓 (abbey03),隨機,5秒
1870,[B] 行妖術者,133,不死,不死4,中,91304,5980,5980,706,1112,84 + 0,73 + 73,387,394,https://rd.fharr.com/assets/sprite/몬스터/idle/necromancer.gif,公會地下密穴 (arug_dun01),隨機,即時
1870,[B] 行妖術者,133,不死,不死4,中,91304,5980,5980,706,1112,84 + 0,73 + 73,387,394,https://rd.fharr.com/assets/sprite/몬스터/idle/necromancer.gif,魔物終結塔 (4@tower),80樓,即時
1870,[B] 行妖術者,133,不死,不死4,中,91304,5980,5980,706,1112,84 + 0,73 + 73,387,394,https://rd.fharr.com/assets/sprite/몬스터/idle/necromancer.gif,魔物終結塔 (4@tower),88樓,即時
1870,[B] 行妖術者,133,不死,不死4,中,91304,5980,5980,706,1112,84 + 0,73 + 73,387,394,https://rd.fharr.com/assets/sprite/몬스터/idle/necromancer.gif,無名島修道院 地下1樓 (abbey02),隨機,5秒
1870,[B] 行妖術者,133,不死,不死4,中,91304,5980,5980,706,1112,84 + 0,73 + 73,387,394,https://rd.fharr.com/assets/sprite/몬스터/idle/necromancer.gif,無名島修道院2F（分流A） [網站備註] (abbey02_a),隨機,即時
1871,[M] 墮落大神官 悉潘,138,惡魔,暗2,中,5655000,3510000,2079000,3756,5472,274 + 0,182 + 182,503,490,https://rd.fharr.com/assets/sprite/몬스터/idle/fallingbishop.gif,無名島修道院 地下1樓 (abbey02),隨機,2小時
1871,[M] 墮落大神官 悉潘,138,惡魔,暗2,中,5655000,3510000,2079000,3756,5472,274 + 0,182 + 182,503,490,https://rd.fharr.com/assets/sprite/몬스터/idle/fallingbishop.gif,魔物終結塔 (4@tower),80樓,即時
1872,[B] 魔鬼蒼蠅,127,天使,無4,中,502000,0,0,643,795,98 + 0,55 + 55,417,386,https://rd.fharr.com/assets/sprite/몬스터/idle/hunter_fly.gif,,,
1874,[M] 詛咒蠅王,147,惡魔,念4,大,4805000,7050000,7050000,4200,8150,418 + 0,265 + 265,583,535,https://rd.fharr.com/assets/sprite/몬스터/idle/beelzebub_.gif,中央實驗室 (1@lab),隨機,即時
1874,[M] 詛咒蠅王,147,惡魔,念4,大,4805000,7050000,7050000,4200,8150,418 + 0,265 + 265,583,535,https://rd.fharr.com/assets/sprite/몬스터/idle/beelzebub_.gif,無名島修道院 地下2樓 (abbey03),隨機,即時
1875,[B] 王的屍體,80,不死,不死4,中,43000,2,2,1366,1626,25 + 0,30 + 30,290,320,https://rd.fharr.com/assets/sprite/몬스터/idle/tristan_3rd.gif,,,
1885,[M] 青冠龍,97,動物,地3,大,1120500,857088,580320,1988,3849,355 + 0,121 + 121,399,419,https://rd.fharr.com/assets/sprite/몬스터/idle/gopinich.gif,莫斯科森林最深處 (mosk_dun03),隨機,2小時
1916,[B] 魔王夢羅克,151,惡魔,暗4,大,7000000,0,0,3164,4588,400 + 0,65 + 65,533,501,https://rd.fharr.com/assets/sprite/몬스터/idle/morocc.gif,蘇克拉特沙漠次元裂縫 (moc_fild21),隨機,6小時
1917,[M] 負傷夢羅克,151,惡魔,暗4,大,5000000,2632500,1521000,2732,3940,425 + 0,65 + 65,536,501,https://rd.fharr.com/assets/sprite/몬스터/idle/morocc.gif,蘇克拉特沙漠次元裂縫 (moc_fild22),隨機,12小時
1918,[B] 夢羅克門徒之邪靈,132,天使,暗1,大,63900,5710,3294,1267,1412,199 + 0,35 + 35,423,378,https://rd.fharr.com/assets/sprite/몬스터/idle/morocc_1.gif,蘇克拉特沙漠次元裂縫 (moc_fild22),隨機,30秒
1918,[B] 夢羅克門徒之邪靈,132,天使,暗1,大,63900,5710,3294,1267,1412,199 + 0,35 + 35,423,378,https://rd.fharr.com/assets/sprite/몬스터/idle/morocc_1.gif,蘇克拉特沙漠次元裂縫 (moc_fild21),隨機,30秒
1918,[B] 夢羅克門徒之邪靈,132,天使,暗1,大,63900,5710,3294,1267,1412,199 + 0,35 + 35,423,378,https://rd.fharr.com/assets/sprite/몬스터/idle/morocc_1.gif,火焰盆地 (moro_vol),隨機,未知
1918,[B] 夢羅克門徒之邪靈,132,天使,暗1,大,63900,5710,3294,1267,1412,199 + 0,35 + 35,423,378,https://rd.fharr.com/assets/sprite/몬스터/idle/morocc_1.gif,魔物終結塔 (4@tower),97樓,即時
1918,[B] 夢羅克門徒之邪靈,132,天使,暗1,大,63900,5710,3294,1267,1412,199 + 0,35 + 35,423,378,https://rd.fharr.com/assets/sprite/몬스터/idle/morocc_1.gif,魔物終結塔 (4@tower),99樓,即時
1918,[B] 夢羅克門徒之邪靈,132,天使,暗1,大,63900,5710,3294,1267,1412,199 + 0,35 + 35,423,378,https://rd.fharr.com/assets/sprite/몬스터/idle/morocc_1.gif,蘇克拉特沙漠次元裂縫 (moc_fild20),隨機,30秒
1919,[B] 夢羅克門徒之泥怪,132,惡魔,暗3,中,64922,6622,3820,1083,1242,95 + 0,5 + 5,418,377,https://rd.fharr.com/assets/sprite/몬스터/idle/morocc_2.gif,蘇克拉特沙漠次元裂縫 (moc_fild22),隨機,30秒
1919,[B] 夢羅克門徒之泥怪,132,惡魔,暗3,中,64922,6622,3820,1083,1242,95 + 0,5 + 5,418,377,https://rd.fharr.com/assets/sprite/몬스터/idle/morocc_2.gif,蘇克拉特沙漠次元裂縫 (moc_fild21),隨機,30秒
1919,[B] 夢羅克門徒之泥怪,132,惡魔,暗3,中,64922,6622,3820,1083,1242,95 + 0,5 + 5,418,377,https://rd.fharr.com/assets/sprite/몬스터/idle/morocc_2.gif,魔物終結塔 (4@tower),97樓,即時
1919,[B] 夢羅克門徒之泥怪,132,惡魔,暗3,中,64922,6622,3820,1083,1242,95 + 0,5 + 5,418,377,https://rd.fharr.com/assets/sprite/몬스터/idle/morocc_2.gif,魔物終結塔 (4@tower),99樓,即時
1919,[B] 夢羅克門徒之泥怪,132,惡魔,暗3,中,64922,6622,3820,1083,1242,95 + 0,5 + 5,418,377,https://rd.fharr.com/assets/sprite/몬스터/idle/morocc_2.gif,火焰盆地 (moro_vol),隨機,未知
1919,[B] 夢羅克門徒之泥怪,132,惡魔,暗3,中,64922,6622,3820,1083,1242,95 + 0,5 + 5,418,377,https://rd.fharr.com/assets/sprite/몬스터/idle/morocc_2.gif,蘇克拉特沙漠次元裂縫 (moc_fild20),隨機,30秒
1920,[B] 夢羅克門徒之活屍,133,惡魔,不死3,中,94800,6786,3780,812,1175,111 + 0,37 + 37,392,401,https://rd.fharr.com/assets/sprite/몬스터/idle/morocc_3.gif,蘇克拉特沙漠次元裂縫 (moc_fild22),隨機,30秒
1920,[B] 夢羅克門徒之活屍,133,惡魔,不死3,中,94800,6786,3780,812,1175,111 + 0,37 + 37,392,401,https://rd.fharr.com/assets/sprite/몬스터/idle/morocc_3.gif,蘇克拉特沙漠次元裂縫 (moc_fild21),隨機,30秒
1920,[B] 夢羅克門徒之活屍,133,惡魔,不死3,中,94800,6786,3780,812,1175,111 + 0,37 + 37,392,401,https://rd.fharr.com/assets/sprite/몬스터/idle/morocc_3.gif,火焰盆地 (moro_vol),隨機,未知
1920,[B] 夢羅克門徒之活屍,133,惡魔,不死3,中,94800,6786,3780,812,1175,111 + 0,37 + 37,392,401,https://rd.fharr.com/assets/sprite/몬스터/idle/morocc_3.gif,魔物終結塔 (4@tower),97樓,即時
1920,[B] 夢羅克門徒之活屍,133,惡魔,不死3,中,94800,6786,3780,812,1175,111 + 0,37 + 37,392,401,https://rd.fharr.com/assets/sprite/몬스터/idle/morocc_3.gif,魔物終結塔 (4@tower),99樓,即時
1920,[B] 夢羅克門徒之活屍,133,惡魔,不死3,中,94800,6786,3780,812,1175,111 + 0,37 + 37,392,401,https://rd.fharr.com/assets/sprite/몬스터/idle/morocc_3.gif,蘇克拉特沙漠次元裂縫 (moc_fild20),隨機,30秒
1921,[B] 夢羅克門徒之喜樂,134,惡魔,念3,中,77389,5990,4056,823,1422,109 + 0,54 + 54,422,413,https://rd.fharr.com/assets/sprite/몬스터/idle/morocc_4.gif,蘇克拉特沙漠次元裂縫 (moc_fild21),隨機,30秒
1921,[B] 夢羅克門徒之喜樂,134,惡魔,念3,中,77389,5990,4056,823,1422,109 + 0,54 + 54,422,413,https://rd.fharr.com/assets/sprite/몬스터/idle/morocc_4.gif,蘇克拉特沙漠次元裂縫 (moc_fild22),隨機,30秒
1921,[B] 夢羅克門徒之喜樂,134,惡魔,念3,中,77389,5990,4056,823,1422,109 + 0,54 + 54,422,413,https://rd.fharr.com/assets/sprite/몬스터/idle/morocc_4.gif,火焰盆地 (moro_vol),隨機,未知
1921,[B] 夢羅克門徒之喜樂,134,惡魔,念3,中,77389,5990,4056,823,1422,109 + 0,54 + 54,422,413,https://rd.fharr.com/assets/sprite/몬스터/idle/morocc_4.gif,魔物終結塔 (4@tower),97樓,即時
1921,[B] 夢羅克門徒之喜樂,134,惡魔,念3,中,77389,5990,4056,823,1422,109 + 0,54 + 54,422,413,https://rd.fharr.com/assets/sprite/몬스터/idle/morocc_4.gif,魔物終結塔 (4@tower),99樓,即時
1921,[B] 夢羅克門徒之喜樂,134,惡魔,念3,中,77389,5990,4056,823,1422,109 + 0,54 + 54,422,413,https://rd.fharr.com/assets/sprite/몬스터/idle/morocc_4.gif,蘇克拉特沙漠次元裂縫 (moc_fild20),隨機,30秒
1956,[B] 夜勝魔,99,惡魔,念4,大,5000000,4320000,1800000,4609,6769,410 + 89,40 + 40,359,524,https://rd.fharr.com/assets/sprite/몬스터/idle/naght_sieger.gif,魔物終結塔(未知的區域) (6@tower),右側,即時
1957,[B] 骷髏觸角魔,90,惡魔,暗4,中,2400500,1573000,1215000,3700,5460,171 + 0,66 + 66,360,450,https://rd.fharr.com/assets/sprite/몬스터/idle/entweihen.gif,魔物終結塔 (5@tower),隨機,即時
1960,[B] 魔力之荊棘,89,惡魔,暗4,小,5400000,0,0,1020,1360,44 + 0,66 + 66,324,409,https://rd.fharr.com/assets/sprite/몬스터/idle/g_entweihen.gif,魔物終結塔 (5@tower),隨機,即時
1960,[B] 魔力之荊棘,89,惡魔,暗4,小,5400000,0,0,1020,1360,44 + 0,66 + 66,324,409,https://rd.fharr.com/assets/sprite/몬스터/idle/g_entweihen.gif,克雷斯特漢姆的沒落 (1@gl_prq),隨機,1天 至 3天
1980,[M] 榔鎚酷布靈,85,人形,地1,中,633600,99000,90000,1180,1400,20 + 40,10 + 10,366,310,https://rd.fharr.com/assets/sprite/몬스터/idle/kublin.gif,中央實驗室 (1@lab),隨機,即時
1980,[M] 榔鎚酷布靈,85,人形,地1,中,633600,99000,90000,1180,1400,20 + 40,10 + 10,366,310,https://rd.fharr.com/assets/sprite/몬스터/idle/kublin.gif,公會地下密穴 (arug_dun01),隨機,8小時
1980,[M] 榔鎚酷布靈,85,人形,地1,中,633600,99000,90000,1180,1400,20 + 40,10 + 10,366,310,https://rd.fharr.com/assets/sprite/몬스터/idle/kublin.gif,公會地下密穴 (schg_dun01),隨機,8小時
1990,[B] 硬石猛瑪,137,動物,地3,大,1900944,184980,81178,1552,2326,449 + 0,43 + 43,403,438,https://rd.fharr.com/assets/sprite/몬스터/idle/hardrock_mommoth.gif,魔怒克原野 (man_fild03),隨機,4小時
1991,[B] 三角狂獅獸,126,動物,地2,中,1397451,131004,75298,1002,2322,132 + 0,123 + 123,392,441,https://rd.fharr.com/assets/sprite/몬스터/idle/tendrilrion.gif,史波浪壯麗原野 (spl_fild03),隨機,5秒
2022,[M] 尼德霍格的影子,117,龍族,暗2,大,3452000,5616000,3510000,13718,25018,60 + 62,75 + 75,351,475,https://rd.fharr.com/assets/sprite/몬스터/idle/s_nydhog.gif,尼德霍格巢穴 (2@nyd),隨機,3天
2068,[M] 波伊塔塔,93,動物,火3,大,1283990,89146,77950,1080,1505,32 + 0,66 + 66,392,363,https://rd.fharr.com/assets/sprite/몬스터/idle/boitata.gif,中央實驗室 (1@lab),隨機,即時
2068,[M] 波伊塔塔,93,動物,火3,大,1283990,89146,77950,1080,1505,32 + 0,66 + 66,392,363,https://rd.fharr.com/assets/sprite/몬스터/idle/boitata.gif,瀑布內的洞窟 (bra_dun02),隨機,2小時
2087,[M] 女王甲蟲,140,昆蟲,地3,大,2441600,399966,212200,1889,3129,230 + 0,55 + 55,428,521,https://rd.fharr.com/assets/sprite/몬스터/idle/queen_scaraba.gif,中央實驗室 (1@lab),隨機,即時
2087,[M] 女王甲蟲,140,昆蟲,地3,大,2441600,399966,212200,1889,3129,230 + 0,55 + 55,428,521,https://rd.fharr.com/assets/sprite/몬스터/idle/queen_scaraba.gif,斯卡勒伯熔岩 (dic_dun02),隨機,2小時
2131,[M] 殭屍龍,135,龍族,暗3,大,608920,39000,30000,1000,1500,102 + 0,64 + 64,416,452,https://rd.fharr.com/assets/sprite/몬스터/idle/lost_dragon.gif,霧林迷宮 (1@mist),隨機,2小時
2141,[B] 守護者記憶,130,無形,無1,小,10,0,0,0,0,0 + 0,0 + 0,330,300,https://rd.fharr.com/assets/sprite/몬스터/idle/nydhog_memory1_2.gif,霧林迷宮 (1@mist),隨機,30秒
2142,[B] 守護者記憶碎片,130,無形,無1,小,10,0,0,0,0,0 + 0,0 + 0,330,300,https://rd.fharr.com/assets/sprite/몬스터/idle/nydhog_memory1_1.gif,霧林迷宮 (1@mist),隨機,30秒
2156,[M] 讓特,94,惡魔,暗2,大,1266000,472800,300120,1700,2300,280 + 0,128 + 128,444,414,https://rd.fharr.com/assets/sprite/몬스터/idle/leak.gif,中央實驗室 (1@lab),隨機,即時
2156,[M] 讓特,94,惡魔,暗2,大,1266000,472800,300120,1700,2300,280 + 0,128 + 128,444,414,https://rd.fharr.com/assets/sprite/몬스터/idle/leak.gif,喀拉喀托火山島 (dew_dun01),隨機,2小時
2165,[M] 女王甲蟲,140,昆蟲,地3,大,6441600,1210220,612200,4889,6440,0 + 0,0 + 0,428,521,https://rd.fharr.com/assets/sprite/몬스터/idle/i_queen_scaraba.gif,斯卡勒伯熔岩 (dic_dun03),隨機,2小時10分鐘
2174,[B] 遠古甲殼類,95,魚貝,水1,小,120000,1500,1500,0,0,154 + 0,21 + 21,386,378,https://rd.fharr.com/assets/sprite/몬스터/idle/vadon.gif,排水溝 (1@pump),隨機,即時
2175,[B] 深海魷魚,95,魚貝,水2,小,120000,1500,1500,500,820,58 + 0,218 + 218,332,398,https://rd.fharr.com/assets/sprite/몬스터/idle/marse.gif,章魚密穴 (1@cash),隨機,即時
2175,[B] 深海魷魚,95,魚貝,水2,小,120000,1500,1500,500,820,58 + 0,218 + 218,332,398,https://rd.fharr.com/assets/sprite/몬스터/idle/marse.gif,排水溝 (1@pump),隨機,即時
2176,[B] 深海大蟹,95,魚貝,水1,小,120000,1500,1500,234,696,136 + 0,15 + 15,349,363,https://rd.fharr.com/assets/sprite/몬스터/idle/crab.gif,排水溝 (1@pump),隨機,即時
2177,[B] 深海海螺,100,魚貝,水1,小,160000,1500,1500,0,0,342 + 0,48 + 48,387,407,https://rd.fharr.com/assets/sprite/몬스터/idle/cornutus.gif,排水溝 (1@pump),隨機,即時
2178,[B] 深海貝殼,100,魚貝,水2,小,160000,1500,1500,720,1122,43 + 0,215 + 215,331,436,https://rd.fharr.com/assets/sprite/몬스터/idle/shellfish.gif,排水溝 (1@pump),隨機,即時
2179,[B] 遠古庫克雷,100,昆蟲,水1,小,160000,1500,1500,0,0,123 + 0,33 + 33,380,372,https://rd.fharr.com/assets/sprite/몬스터/idle/kukre.gif,排水溝 (1@pump),隨機,即時
2180,[B] 遠古海神,145,魚貝,水3,大,400000,2000,2000,3500,1200,67 + 0,221 + 221,471,498,https://rd.fharr.com/assets/sprite/몬스터/idle/strouf.gif,排水溝 (2@pump),隨機,即時
2181,[B] 遠古異變魚,145,魚貝,水2,大,400000,2000,2000,235,1849,255 + 0,177 + 177,501,509,https://rd.fharr.com/assets/sprite/몬스터/idle/sword_fish.gif,排水溝 (2@pump),隨機,即時
2182,[B] 遠古海馬,145,魚貝,水2,中,400000,2000,2000,0,0,255 + 0,51 + 51,490,463,https://rd.fharr.com/assets/sprite/몬스터/idle/marc.gif,排水溝 (2@pump),隨機,即時
2183,[B] 突變虎蜥人,151,魚貝,水2,中,700000,2200,2200,0,0,268 + 0,22 + 22,539,519,https://rd.fharr.com/assets/sprite/몬스터/idle/anolian.gif,排水溝 (2@pump),隨機,即時
2184,[B] 深海人魚,151,惡魔,水3,中,700000,2200,2200,0,0,68 + 0,326 + 326,438,517,https://rd.fharr.com/assets/sprite/몬스터/idle/obeaune.gif,排水溝 (2@pump),隨機,即時
2186,[B] 古怪腔棘魚,100,魚貝,水2,大,2200000,400000,400000,0,0,280 + 0,280 + 280,460,430,https://rd.fharr.com/assets/sprite/몬스터/idle/coelacanth_n.gif,排水溝 (1@pump),隨機,即時
2187,[M] 黑暗腔棘魚,100,魚貝,水2,大,2200000,1000000,1000000,1890,1890,280 + 0,280 + 280,460,430,https://rd.fharr.com/assets/sprite/몬스터/idle/coelacanth_n.gif,排水溝 (1@pump),隨機,即時
2188,[B] 怪異腔棘魚,100,魚貝,水2,大,2200000,1000000,1000000,0,0,280 + 0,280 + 280,460,430,,,,
2189,[M] 暴力腔棘魚,155,魚貝,水2,大,5200000,3000000,3300000,0,0,280 + 0,280 + 280,615,585,https://rd.fharr.com/assets/sprite/몬스터/idle/coelacanth_h.gif,排水溝 (2@pump),隨機,即時
2190,[M] 變種腔棘魚,155,魚貝,水2,大,5200000,3000000,3300000,0,0,280 + 0,280 + 280,615,585,https://rd.fharr.com/assets/sprite/몬스터/idle/coelacanth_h.gif,排水溝 (2@pump),隨機,即時
2191,[B] 海草,100,魚貝,水1,小,100000,0,0,1,1,0 + 0,0 + 0,301,271,https://rd.fharr.com/assets/sprite/몬스터/idle/md_seaweed.gif,排水溝 (2@pump),隨機,即時
2191,[B] 海草,100,魚貝,水1,小,100000,0,0,1,1,0 + 0,0 + 0,301,271,https://rd.fharr.com/assets/sprite/몬스터/idle/md_seaweed.gif,排水溝 (1@pump),隨機,即時
2193,[B] 章魚腳,90,魚貝,水2,小,500000,4000,2000,225,778,0 + 0,0 + 0,381,373,https://rd.fharr.com/assets/sprite/몬스터/idle/md_octopus_leg.gif,章魚密穴 (1@cash),隨機,即時
2194,[M] 邪惡章魚,95,魚貝,水2,大,500000,40000,20000,1200,1900,154 + 0,21 + 21,386,378,https://rd.fharr.com/assets/sprite/몬스터/idle/md_giant_octopus.gif,章魚密穴 (1@cash),隨機,即時
2198,[B] 大腳龍蝦,117,魚貝,水2,大,28800,5166,4950,1000,1500,480 + 0,22 + 22,361,417,https://rd.fharr.com/assets/sprite/몬스터/idle/king_dramoh.gif,依斯魯得島 海盜地洞密穴 6樓 (iz_du05_a),隨機,即時
2198,[B] 大腳龍蝦,117,魚貝,水2,大,28800,5166,4950,1000,1500,480 + 0,22 + 22,361,417,https://rd.fharr.com/assets/sprite/몬스터/idle/king_dramoh.gif,依斯魯得島 海盜地洞密穴 6樓 (iz_du05_b),隨機,即時
2198,[B] 大腳龍蝦,117,魚貝,水2,大,28800,5166,4950,1000,1500,480 + 0,22 + 22,361,417,https://rd.fharr.com/assets/sprite/몬스터/idle/king_dramoh.gif,依斯魯得島 海盜地洞密穴 6樓 (iz_dun05),隨機,5秒
2202,[M] 魔鬼大烏賊,124,魚貝,水4,大,5602800,1966664,1922222,1830,3823,55 + 0,229 + 229,423,456,https://rd.fharr.com/assets/sprite/몬스터/idle/kraken.gif,依斯魯得島 海盜地洞密穴 6樓 (iz_dun05),隨機,2小時20分鐘 至 2小時30分鐘
2202,[M] 魔鬼大烏賊,124,魚貝,水4,大,5602800,1966664,1922222,1830,3823,55 + 0,229 + 229,423,456,https://rd.fharr.com/assets/sprite/몬스터/idle/kraken.gif,依斯魯得島 海盜地洞密穴 6樓 (iz_dun05),隨機,2小時
2208,[B] 野貓騎士,95,魚貝,水2,大,33300,8300,3300,0,0,480 + 0,22 + 22,419,377,https://rd.fharr.com/assets/sprite/몬스터/idle/wild_rider.gif,星光珊瑚地區 (mal_dun01),隨機,5秒
2235,[M] 闇●聖殿十字軍 蘭達羅倫斯,160,人形,聖4,中,6870000,4621500,2664000,3017,5537,667 + 0,151 + 151,515,595,https://rd.fharr.com/assets/sprite/몬스터/idle/randel.gif,保羅協夫的研究室 (1@lhz),隨機,3天
2236,[M] 闇●創造者 普拉梅姆,160,人形,火4,中,4230000,5223570,2630354,2355,2514,253 + 0,133 + 133,535,567,https://rd.fharr.com/assets/sprite/몬스터/idle/flamel.gif,保羅協夫的研究室 (1@lhz),隨機,3天
2237,[M] 闇●智者 西里亞阿迪,160,人形,念3,中,3847804,5027308,2509792,2481,3114,201 + 0,543 + 543,508,585,https://rd.fharr.com/assets/sprite/몬스터/idle/celia.gif,保羅協夫的研究室 (1@lhz),隨機,3天
2238,[M] 闇●武術宗師 陳理歐,160,惡魔,水4,中,4249350,5113568,2934974,1947,3617,216 + 0,134 + 134,525,585,https://rd.fharr.com/assets/sprite/몬스터/idle/chen.gif,保羅協夫的研究室 (1@lhz),隨機,3天
2239,[M] 闇●神行太保 科迪,160,惡魔,毒4,中,4057279,4420698,2960400,1274,6162,251 + 0,107 + 107,675,663,https://rd.fharr.com/assets/sprite/몬스터/idle/gertie.gif,保羅協夫的研究室 (1@lhz),隨機,3天
2240,[M] 闇●搞笑藝人 雅歐帕奇爾,160,人形,風4,中,3894278,4226036,2715868,2641,3749,201 + 0,109 + 109,521,585,https://rd.fharr.com/assets/sprite/몬스터/idle/alphoccio.gif,保羅協夫的研究室 (1@lhz),隨機,3天
2241,[M] 闇●冷豔舞姬 特蘭提尼,160,人形,風4,中,3894278,4463758,2563096,1070,1498,181 + 0,112 + 112,607,563,https://rd.fharr.com/assets/sprite/몬스터/idle/trentini.gif,保羅協夫的研究室 (1@lhz),隨機,3天
2244,[M] 闇●武術宗師,130,不死,水4,中,300,0,0,23,103,25 + 0,56 + 56,411,501,https://rd.fharr.com/assets/sprite/몬스터/idle/chen.gif,,,
2249,[M] 淘汰者傅立葉,141,人形,火4,中,2205000,3000240,2400000,2515,4028,388 + 0,206 + 206,472,712,https://rd.fharr.com/assets/sprite/몬스터/idle/pyuriel.gif,深淵迴廊 : 戰士之路 (gld2_prt),隨機,8小時
2251,[M] 喬伊亞,146,無形,風4,大,2507989,3006902,2607094,1105,3706,436 + 0,218 + 218,547,615,https://rd.fharr.com/assets/sprite/몬스터/idle/gioia.gif,深淵迴廊 : 英雄之淚 (gld2_ald),隨機,8小時
2253,[M] 將軍大賢,142,人形,地3,大,2500148,3003122,2803284,2710,4120,494 + 0,123 + 123,465,529,https://rd.fharr.com/assets/sprite/몬스터/idle/daehyon.gif,深淵迴廊 : 太古之風 (gld2_pay),隨機,8小時
2253,[M] 將軍大賢,142,人形,地3,大,2500148,3003122,2803284,2710,4120,494 + 0,123 + 123,465,529,https://rd.fharr.com/assets/sprite/몬스터/idle/daehyon.gif,中央實驗室 (1@lab),隨機,即時
2255,[M] 亡靈的守護者卡德斯,143,無形,暗3,大,2505000,3208000,2620000,2201,4202,479 + 0,262 + 262,566,675,https://rd.fharr.com/assets/sprite/몬스터/idle/kades.gif,深淵迴廊 : 亡者之丘 (gld2_gef),隨機,8小時
2255,[M] 亡靈的守護者卡德斯,143,無形,暗3,大,2505000,3208000,2620000,2201,4202,479 + 0,262 + 262,566,675,https://rd.fharr.com/assets/sprite/몬스터/idle/kades.gif,中央實驗室 (1@lab),隨機,即時
2317,[B] 噩夢死神,115,惡魔,暗2,中,1519517,0,0,2561,3329,411 + 0,95 + 95,507,536,https://rd.fharr.com/assets/sprite/몬스터/idle/bangungot.gif,噩夢醫院 2樓 (1@ma_h),隨機,即時
2318,[B] 噩夢死神,99,惡魔,暗2,中,1409758,0,0,0,0,411 + 0,95 + 95,491,520,https://rd.fharr.com/assets/sprite/몬스터/idle/bangungot.gif,噩夢醫院 2樓 (1@ma_h),隨機,即時
2319,[B] 寶箱巨鱷,151,龍族,水4,大,4069559,6000024,5603128,3614,4498,201 + 0,78 + 78,351,321,https://rd.fharr.com/assets/sprite/몬스터/idle/buwaya.gif,寶箱巨鱷洞穴 (1@ma_c),隨機,即時
2320,[B] 巴庫暴龍,156,龍族,水4,大,3351884,0,0,4801,6241,472 + 0,0 + 0,490,563,https://rd.fharr.com/assets/sprite/몬스터/idle/bakonawa.gif,食月暴龍藏身處 (1@ma_b),隨機,即時
2321,[M] bakonawa,156,龍族,水4,大,3351884,0,0,2501,4801,472 + 0,0 + 0,490,563,https://rd.fharr.com/assets/sprite/몬스터/idle/bakonawa.gif,,,
2322,[B] 月亮的巴庫暴龍,156,龍族,水4,大,3351884,5020222,4690302,0,0,472 + 0,0 + 0,490,563,https://rd.fharr.com/assets/sprite/몬스터/idle/bakonawa.gif,食月暴龍藏身處 (1@ma_b),隨機,即時
2327,[B] 噩夢死神靈魂的樑柱,115,惡魔,暗2,中,250,1563082,1522402,0,0,411 + 0,95 + 95,507,536,https://rd.fharr.com/assets/sprite/몬스터/idle/elder_wilow.gif,噩夢醫院 2樓 (1@ma_h),隨機,即時
2362,[M] 古埃及王-夢魘,145,人形,地3,大,2515784,3252974,2604174,3201,4106,367 + 0,301 + 301,434,416,https://rd.fharr.com/assets/sprite/몬스터/idle/n_amon_ra.gif,夢羅克金字塔地下2樓 夢魘 (moc_prydn2),隨機,1小時
2408,[B] Lv. 10,10,無形,無1,小,100000000,0,0,0,0,0 + 0,0 + 0,210,180,https://rd.fharr.com/assets/sprite/몬스터/idle/peco_egg.gif,,,
2409,[B] Lv. 50,50,無形,無1,中,100000000,0,0,0,0,50 + 0,50 + 50,250,220,https://rd.fharr.com/assets/sprite/몬스터/idle/horn_scaraba_egg.gif,盧恩 米德加茲王國 首都普隆德拉 (prontera),隨機,即時
2410,[B] Lv. 100,100,無形,無1,中,100000000,0,0,0,0,90 + 0,90 + 90,300,270,https://rd.fharr.com/assets/sprite/몬스터/idle/horn_scaraba2_egg.gif,盧恩 米德加茲王國 首都普隆德拉 (prontera),隨機,即時
2411,[B] Lv. 150,150,無形,無1,中,99999999,0,0,0,0,120 + 0,120 + 120,350,320,https://rd.fharr.com/assets/sprite/몬스터/idle/dragon_egg.gif,盧恩 米德加茲王國 首都普隆德拉 (prontera),隨機,即時
2441,[M] 魔鬼孩子王,99,人形,火4,中,265203,212534,175494,3747,5435,510 + 0,139 + 139,447,429,https://rd.fharr.com/assets/sprite/몬스터/idle/b_novice.gif,公會地下密穴 葛洛麗雅(普隆德拉) [網站備註] (teg_dun01),隨機,未知
2442,[M] 魔鬼孩子王,99,人形,火4,中,268800,217620,178000,5006,7357,410 + 0,192 + 192,493,472,https://rd.fharr.com/assets/sprite/몬스터/idle/b_supernovice.gif,公會地下密穴 卡普拉賈登(艾爾帕蘭) [網站備註] (teg_dun02),隨機,未知
2475,[B] 墮落根莖,150,惡魔,地3,大,1781117,2199900,2209324,3460,5015,333 + 0,333 + 333,370,521,https://rd.fharr.com/assets/sprite/몬스터/idle/mg_corruption_root.gif,舊的古城騎士團副本1F [網站備註] (1@gl_k),隨機,未知
2476,[B] 闇答萊屍,150,不死,不死4,大,4290000,2291320,2197020,4637,6753,30 + 0,40 + 40,389,486,https://rd.fharr.com/assets/sprite/몬스터/idle/mg_amdarais.gif,舊的古城騎士團副本2F [網站備註] (2@gl_k),隨機,未知
2483,[M] 惡夢之巴風特,154,惡魔,暗3,大,4008000,2617060,2004640,2794,4054,0 + 0,0 + 0,479,510,https://rd.fharr.com/assets/sprite/몬스터/idle/baphomet.gif,,,
2529,[M] 驚駭森靈皇后,155,昆蟲,毒4,大,26000000,400000,440000,3574,5183,100 + 0,60 + 60,455,525,https://rd.fharr.com/assets/sprite/몬스터/idle/faceworm_queen.gif,驚駭森靈巢穴 (1@face),最終隨機,即時
2532,[M] 驚駭森靈皇后,155,昆蟲,火1,大,26000000,400000,440000,10255,15055,400 + 0,400 + 400,455,525,https://rd.fharr.com/assets/sprite/몬스터/idle/faceworm_queen_r.gif,驚駭森靈巢穴 (1@face),最終隨機？變換屬性,即時
2533,[M] 驚駭森靈皇后,155,昆蟲,地1,大,26000000,400000,440000,4355,6355,500 + 0,60 + 60,455,525,https://rd.fharr.com/assets/sprite/몬스터/idle/faceworm_queen_g.gif,驚駭森靈巢穴 (1@face),最終隨機？變換屬性,即時
2534,[M] 驚駭森靈皇后,155,昆蟲,水1,大,26000000,400000,440000,4355,6355,100 + 0,400 + 400,455,525,https://rd.fharr.com/assets/sprite/몬스터/idle/faceworm_queen_b.gif,驚駭森靈巢穴 (1@face),最終隨機？變換屬性,即時
2535,[M] 驚駭森靈皇后,155,昆蟲,風1,大,26000000,400000,400000,4355,6355,100 + 0,60 + 60,755,525,https://rd.fharr.com/assets/sprite/몬스터/idle/faceworm_queen_y.gif,驚駭森靈巢穴 (1@face),最終隨機？變換屬性,即時
2562,[B] 狄瓦伊,160,人形,念2,中,7000000,302634,246000,1410,2010,175 + 0,65 + 65,460,550,https://rd.fharr.com/assets/sprite/몬스터/idle/geffen_mage_12.gif,吉芬魔法大賽 (1@ge_st),隨機,未知
2563,[B] 培坎納比恩,160,人形,念2,中,8000000,315950,221142,1710,2460,130 + 0,102 + 102,460,550,https://rd.fharr.com/assets/sprite/몬스터/idle/fei_kanabian.gif,吉芬魔法大賽 (1@ge_st),-1,即時
2564,[B] 潘利爾,160,人形,念2,中,20000000,646600,600000,2160,3060,200 + 0,70 + 70,460,550,https://rd.fharr.com/assets/sprite/몬스터/idle/fenrir.gif,吉芬魔法大賽 (1@ge_st),隨機,未知
2921,[B] 鴞裊子爵,168,惡魔,無3,大,295240,12390,14640,1742,2491,113 + 0,45 + 45,419,444,https://rd.fharr.com/assets/sprite/몬스터/idle/owl_viscount.gif,夢魘密穴鐘塔 2樓 (c_tower2_),隨機,1分鐘
2923,[B] 鴞裊侯爵,170,惡魔,無3,大,630000,43494,27612,1781,2536,128 + 0,25 + 25,435,448,https://rd.fharr.com/assets/sprite/몬스터/idle/owl_marquees.gif,夢魘密穴鐘塔 3樓 (c_tower3_),隨機,1分鐘
2942,[B] 魔神的追隨者,151,惡魔,暗3,大,8256000,2017306,1977908,2949,4289,166 + 0,103 + 103,423,534,https://rd.fharr.com/assets/sprite/몬스터/idle/mm_evil_fanatics.gif,夢羅克城 地下 (1@tnm3),隨機,即時
2973,[B] 噩夢大公,190,無形,無1,小,0,0,0,0,0,0 + 0,0 + 0,390,360,https://rd.fharr.com/assets/sprite/몬스터/idle/dracula.gif,,,
2996,[M] 席琳基米,160,不死,念1,大,66666666,5185184,5613604,5636,8303,479 + 0,444 + 444,526,496,https://rd.fharr.com/assets/sprite/몬스터/idle/xm_celine_kimi.gif,恐怖玩具工廠 (1@xm_d),隨機,未知
2998,[B] 虛弱的夢羅克,158,惡魔,無3,大,1771440,24780,32208,1742,2491,113 + 0,45 + 45,409,434,https://rd.fharr.com/assets/sprite/몬스터/idle/ep14_mors_event.gif,摩洛斯洞穴 (1@rev),隨機,即時
3029,[M] 死神 安庫,159,不死,不死4,大,50000000,600000,600000,1559,2159,200 + 0,70 + 70,459,549,https://rd.fharr.com/assets/sprite/몬스터/idle/grim_reaper_ankou.gif,拜歐斯島 (1@dth3),隨機,未知
3039,[B] 烈火夢羅克門徒,149,惡魔,暗1,大,8000000,5710,3294,1795,2556,0 + 0,0 + 0,440,433,https://rd.fharr.com/assets/sprite/몬스터/idle/morocc_1.gif,火焰盆地 (moro_vol),隨機,未知
3040,[B] 猖狂夢羅克門徒,149,惡魔,暗3,中,6400000,3820,6622,1570,2220,92 + 0,5 + 5,435,432,https://rd.fharr.com/assets/sprite/몬스터/idle/morocc_2.gif,火焰盆地 (moro_vol),隨機,未知
3041,[B] 冰凍夢羅克門徒,149,惡魔,水3,中,7700000,4056,5990,1251,1745,106 + 0,54 + 54,437,483,https://rd.fharr.com/assets/sprite/몬스터/idle/morocc_4.gif,火焰盆地 (moro_vol),隨機,未知
3073,[B] 覺醒的貝爾,140,惡魔,不死3,中,19471800,6264000,5440600,1540,2140,200 + 0,68 + 68,440,530,https://rd.fharr.com/assets/sprite/몬스터/idle/grand_pere.gif,噩夢吉特巴 (1@jtb),最終房,未知
3074,[M] 時間支配者,170,惡魔,無4,大,25000000,4582500,3877500,4594,6694,288 + 0,265 + 265,522,742,https://rd.fharr.com/assets/sprite/몬스터/idle/timeholder.gif,夢魘密穴鐘塔 3樓 (c_tower3_),隨機,2小時
3124,[B] 查爾斯頓3號,145,惡魔,無3,大,23671401,6264000,4946000,1545,2145,200 + 0,90 + 90,451,543,https://rd.fharr.com/assets/sprite/몬스터/idle/charleston3.gif,查理斯頓工廠 (1@mcd),5,即時
3150,[M] 覺醒闇答萊屍,180,不死,不死4,大,42900000,4582640,4833460,8899,13131,30 + 0,40 + 40,419,516,https://rd.fharr.com/assets/sprite/몬스터/idle/mg_amdarais_h.gif,舊的古城騎士團副本(夢魘)2F [網站備註] (2@gl_kh),隨機,即時
3151,[M] 覺醒墮落根莖,180,惡魔,地3,大,18200000,2199906,2209324,3625,7774,333 + 0,333 + 333,397,470,https://rd.fharr.com/assets/sprite/몬스터/idle/mg_corruption_root_h.gif,舊的古城騎士團副本(夢魘)1F [網站備註] (1@gl_kh),隨機,即時
3181,[B] 暴走的船長裴陸,130,龍族,暗2,大,3000000,6176,4784,0,0,101 + 0,90 + 90,408,408,https://rd.fharr.com/assets/sprite/몬스터/idle/felock.gif,,,
3188,[B] 暴走的船長裴陸,130,龍族,暗2,大,1500000,6176,4784,0,0,101 + 0,90 + 90,408,408,https://rd.fharr.com/assets/sprite/몬스터/idle/felock.gif,飛空艇 (1@air2),隨機,即時
3206,[B] 閃亮波利,100,無形,無1,小,15,0,0,0,0,0 + 0,0 + 0,310,280,https://rd.fharr.com/assets/sprite/몬스터/idle/little_goldporing.gif,無限空間 (1@infi),機率／隨機,即時
3208,[B] 闇●十字斬首者,179,惡魔,毒4,中,1190000,140000,70000,0,0,180 + 0,100 + 100,569,549,https://rd.fharr.com/assets/sprite/몬스터/idle/v_eremes.gif,戰死者之墓 (lhz_dun_n),隨機,即時
3209,[B] 闇●大主教,178,人形,聖4,中,1360000,160000,80000,0,0,160 + 0,400 + 400,458,498,https://rd.fharr.com/assets/sprite/몬스터/idle/v_magaleta.gif,戰死者之墓 (lhz_dun_n),隨機,即時
3210,[B] 闇●咒術士,177,人形,念4,中,1020000,120000,60000,0,0,110 + 0,400 + 400,457,557,https://rd.fharr.com/assets/sprite/몬스터/idle/v_katrinn.gif,戰死者之墓 (lhz_dun_n),隨機,即時
3211,[B] 闇●遊俠,178,人形,風4,中,1190000,140000,70000,0,0,100 + 0,100 + 100,508,648,https://rd.fharr.com/assets/sprite/몬스터/idle/v_shecil.gif,戰死者之墓 (lhz_dun_n),隨機,即時
3212,[B] 闇●機械工匠,177,人形,水4,中,1700000,200000,100000,3003,4337,200 + 0,100 + 100,457,477,https://rd.fharr.com/assets/sprite/몬스터/idle/v_harword.gif,戰死者之墓 (lhz_dun_n),隨機,即時
3213,[B] 闇●盧恩騎士,179,惡魔,火4,中,1360000,160000,80000,5149,7549,400 + 0,200 + 200,479,549,https://rd.fharr.com/assets/sprite/몬스터/idle/v_seyren.gif,戰死者之墓 (lhz_dun_n),隨機,即時
3220,[M] 闇●十字斬首者 艾勒梅斯,189,人形,毒4,中,12600000,6000000,6000000,0,0,360 + 0,200 + 200,769,759,https://rd.fharr.com/assets/sprite/몬스터/idle/v_eremes.gif,戰死者之墓 (lhz_dun_n),隨機,2小時
3221,[M] 闇●大主教 瑪嘉雷特,187,人形,聖4,中,14400000,6000000,6000000,0,0,320 + 0,800 + 800,547,657,https://rd.fharr.com/assets/sprite/몬스터/idle/v_magaleta.gif,戰死者之墓 (lhz_dun_n),隨機,2小時
3222,[M] 闇●遊俠 迪文,189,人形,風4,中,12600000,6000000,6000000,0,0,200 + 0,200 + 200,649,959,https://rd.fharr.com/assets/sprite/몬스터/idle/v_shecil.gif,戰死者之墓 (lhz_dun_n),隨機,2小時
3223,[M] 闇●機械工匠 哈沃德,187,人形,水4,中,18000000,6000000,6000000,0,0,400 + 0,200 + 200,547,617,https://rd.fharr.com/assets/sprite/몬스터/idle/v_harword.gif,戰死者之墓 (lhz_dun_n),隨機,2小時
3224,[M] 闇●咒術士 凱特莉娜,187,人形,念4,中,10800000,6000000,6000000,0,0,220 + 0,800 + 800,547,777,https://rd.fharr.com/assets/sprite/몬스터/idle/v_katrinn.gif,戰死者之墓 (lhz_dun_n),隨機,2小時
3225,[M] 闇●盧恩騎士 賽依連,189,人形,火4,中,14400000,6000000,6000000,0,0,800 + 0,400 + 400,589,759,https://rd.fharr.com/assets/sprite/몬스터/idle/v_seyren.gif,戰死者之墓 (lhz_dun_n),隨機,2小時
3226,[B] 闇●皇家禁衛隊,178,人形,聖4,中,1700000,200000,100000,0,0,300 + 0,200 + 200,458,538,https://rd.fharr.com/assets/sprite/몬스터/idle/v_randel.gif,戰死者之墓 (lhz_dun_n),隨機,即時
3227,[B] 闇●基因學者,176,人形,火4,中,1360000,160000,80000,0,0,130 + 0,100 + 100,456,546,https://rd.fharr.com/assets/sprite/몬스터/idle/v_flamel.gif,戰死者之墓 (lhz_dun_n),隨機,即時
3228,[B] 闇●妖術師,178,人形,念4,中,1530000,180000,90000,0,0,110 + 0,800 + 800,478,468,https://rd.fharr.com/assets/sprite/몬스터/idle/v_celia.gif,戰死者之墓 (lhz_dun_n),隨機,即時
3229,[B] 闇●修羅,178,惡魔,水4,中,1190000,140000,70000,0,0,180 + 0,100 + 100,458,548,https://rd.fharr.com/assets/sprite/몬스터/idle/v_chen.gif,戰死者之墓 (lhz_dun_n),隨機,即時
3230,[B] 闇●魅影追蹤者,178,惡魔,毒4,中,1360000,160000,80000,0,0,160 + 0,100 + 100,508,558,https://rd.fharr.com/assets/sprite/몬스터/idle/v_gertie.gif,戰死者之墓 (lhz_dun_n),隨機,即時
3231,[B] 闇●宮廷樂師,176,人形,風4,中,1020000,120000,60000,2430,3496,120 + 0,100 + 100,526,496,https://rd.fharr.com/assets/sprite/몬스터/idle/v_alphoccio.gif,戰死者之墓 (lhz_dun_n),隨機,即時
3232,[B] 闇●浪姬舞者,176,人形,風4,中,1020000,120000,60000,0,0,100 + 0,100 + 100,526,496,https://rd.fharr.com/assets/sprite/몬스터/idle/v_trentini.gif,戰死者之墓 (lhz_dun_n),隨機,即時
3240,[M] 闇●皇家禁衛隊 蘭達,188,人形,聖4,中,18000000,6000000,6000000,0,0,600 + 0,400 + 400,548,738,https://rd.fharr.com/assets/sprite/몬스터/idle/v_randel.gif,戰死者之墓 (lhz_dun_n),隨機,2小時
3241,[M] 闇●基因學者 普拉梅姆,186,人形,火4,中,14400000,6000000,6000000,0,0,260 + 0,200 + 200,546,356,https://rd.fharr.com/assets/sprite/몬스터/idle/v_flamel.gif,戰死者之墓 (lhz_dun_n),隨機,2小時
3242,[M] 闇●妖術師 西里亞,188,人形,念4,中,16200000,6000000,6000000,0,0,220 + 0,800 + 800,588,598,https://rd.fharr.com/assets/sprite/몬스터/idle/v_celia.gif,戰死者之墓 (lhz_dun_n),隨機,2小時
3243,[M] 闇●修羅 陳理歐,188,人形,水4,中,12600000,6000000,6000000,0,0,360 + 0,200 + 200,548,758,https://rd.fharr.com/assets/sprite/몬스터/idle/v_chen.gif,戰死者之墓 (lhz_dun_n),隨機,2小時
3244,[M] 闇●魅影追蹤者 科迪,188,人形,毒4,中,14400000,6000000,6000000,0,0,320 + 0,200 + 200,648,778,https://rd.fharr.com/assets/sprite/몬스터/idle/v_gertie.gif,戰死者之墓 (lhz_dun_n),隨機,2小時
3245,[M] 闇●宮廷樂師 雅歐帕奇爾,186,人形,風4,中,10800000,6000000,6000000,0,0,240 + 0,200 + 200,686,656,https://rd.fharr.com/assets/sprite/몬스터/idle/v_alphoccio.gif,戰死者之墓 (lhz_dun_n),隨機,2小時
3246,[M] 闇●浪姬舞者 特蘭提尼,186,人形,風4,中,10800000,6000000,6000000,0,0,200 + 0,200 + 200,686,656,https://rd.fharr.com/assets/sprite/몬스터/idle/v_trentini.gif,戰死者之墓 (lhz_dun_n),隨機,2小時
3254,[M] T_W_O,165,惡魔,暗3,大,48000000,0,0,3419,5001,158 + 0,134 + 134,506,602,https://rd.fharr.com/assets/sprite/몬스터/idle/t_w_o.gif,最後房間 (1@uns),隨機,即時
3426,[B] 虎王,101,動物,火1,大,1850000,0,0,0,0,166 + 0,70 + 70,301,271,https://rd.fharr.com/assets/sprite/몬스터/idle/eddga.gif,,,
3427,[B] 俄塞里斯,103,不死,不死3,中,2850000,0,0,0,0,172 + 0,164 + 164,303,273,https://rd.fharr.com/assets/sprite/몬스터/idle/osiris.gif,,,
3428,[B] 皮里恩,105,動物,無1,大,4750000,0,0,0,0,269 + 0,98 + 98,305,275,https://rd.fharr.com/assets/sprite/몬스터/idle/phreeoni.gif,,,
3429,[B] 獸人英雄,107,人形,地2,大,6650000,10000,10000,0,3000,197 + 0,70 + 70,389,421,https://rd.fharr.com/assets/sprite/몬스터/idle/ork_hero.gif,,,
3430,[B] 塔奧群卡,109,惡魔,無1,大,8550000,0,0,0,0,404 + 0,143 + 143,309,279,https://rd.fharr.com/assets/sprite/몬스터/idle/tao_gunka.gif,,,
3450,[M] 畢尤,115,不死,不死4,大,10000000,66666,66666,0,0,20 + 0,200 + 200,355,435,https://rd.fharr.com/assets/sprite/몬스터/idle/bijou.gif,儀式之屋 (2@mir),第六階段（劇情）,即時
3450,[M] 畢尤,115,不死,不死4,大,10000000,66666,66666,0,0,20 + 0,200 + 200,355,435,https://rd.fharr.com/assets/sprite/몬스터/idle/bijou.gif,儀式之屋 (2@mir),第七階段,即時
3473,[M] 歐內斯特 斯特凡˙傑克,160,不死,不死1,大,20000000,96454,109040,0,0,146 + 0,30 + 30,417,575,https://rd.fharr.com/assets/sprite/몬스터/idle/as_ragged_golem.gif,空中要塞頂樓 (1@sthd),隨機,即時
3474,[B] 不朽受詛咒騎士,160,無形,暗2,大,10000000,47986,46416,0,0,178 + 0,48 + 48,463,570,https://rd.fharr.com/assets/sprite/몬스터/idle/as_bloody_knight.gif,空中要塞密室 (1@sthc),隨機,即時
3475,[B] 不朽風魔巫師,160,惡魔,風2,中,10000000,47986,46416,0,0,136 + 0,72 + 72,428,589,https://rd.fharr.com/assets/sprite/몬스터/idle/as_wind_ghost.gif,空中要塞密室 (1@sthc),隨機,即時
3505,[M] 巨大蛋黃波利,25,植物,地3,中,142480,10972,13816,159,191,63 + 0,4 + 4,237,263,https://rd.fharr.com/assets/sprite/몬스터/idle/dr_big_eggring.gif,龍巢穴1樓 (lasa_dun01),隨機,1小時
3514,[B] 憤怒的大神官,87,人形,無3,中,142500,1878,1527,50,350,35 + 0,30 + 30,335,321,https://rd.fharr.com/assets/sprite/몬스터/idle/pope_bishop.gif,教皇執勤室 (1@pop1),簡單模式,即時
3514,[B] 憤怒的大神官,87,人形,無3,中,142500,1878,1527,50,350,35 + 0,30 + 30,335,321,https://rd.fharr.com/assets/sprite/몬스터/idle/pope_bishop.gif,返家之路 (1@pop2),簡單模式,即時
3516,[B] 憤怒的儒閔,90,人形,水3,中,600000,3090,2556,60,400,40 + 0,45 + 45,338,324,https://rd.fharr.com/assets/sprite/몬스터/idle/pope_luwmin.gif,空中庭園 (1@pop3),簡單模式,即時
3522,[B] 憤怒的大神官,140,人形,無3,中,375000,4200,3764,300,740,150 + 0,80 + 80,413,393,https://rd.fharr.com/assets/sprite/몬스터/idle/pope_bishop.gif,教皇執勤室 (1@pop1),困難模式,即時
3522,[B] 憤怒的大神官,140,人形,無3,中,375000,4200,3764,300,740,150 + 0,80 + 80,413,393,https://rd.fharr.com/assets/sprite/몬스터/idle/pope_bishop.gif,返家之路 (1@pop2),困難模式,即時
3524,[B] 憤怒的儒閔,140,人形,水3,中,825000,5100,4564,160,840,120 + 0,100 + 100,421,400,https://rd.fharr.com/assets/sprite/몬스터/idle/pope_luwmin.gif,空中庭園 (1@pop3),困難模式,即時
3526,[M] 憤怒的水晶龍幻影,141,無形,水3,大,2000000,102000,91280,300,1000,150 + 0,95 + 95,430,386,https://rd.fharr.com/assets/sprite/몬스터/idle/ktullanux.gif,空中庭園 (1@pop3),困難模式,即時
3621,[M] 小可愛,120,動物,暗3,大,3500000,2400000,1200000,0,0,220 + 0,150 + 150,390,530,https://rd.fharr.com/assets/sprite/몬스터/idle/ep16_2_mm_cutie.gif,維爾納研究所中樞室 (1@slw),三樓,即時
3628,[M] 闇●邪心獵人,110,人形,暗2,中,2800000,800000,800000,1570,2250,100 + 0,100 + 100,380,520,https://rd.fharr.com/assets/sprite/몬스터/idle/ep16_2_h_hunter_ev.gif,邪心獵人軍事基地 (1@swat),隨機,即時
3630,[B] 埃琳娜 博克巴,115,人形,風3,中,2000000,600000,300000,1155,1635,120 + 0,70 + 70,435,535,https://rd.fharr.com/assets/sprite/몬스터/idle/ep16_2_e_bolkoba.gif,克萊納 奈米艾利 (rebel_in),比試,即時
3633,[M] 劇毒凱美拉,110,動物,毒4,大,2800000,1600000,800000,1951,2851,150 + 0,150 + 150,385,530,https://rd.fharr.com/assets/sprite/몬스터/idle/ep16_2_venom_kimera.gif,維爾納研究所 (slabw01),隨機,即時
3658,[M] 亡者君王,100,惡魔,不死4,大,2516502,86890,65668,0,0,330 + 0,168 + 168,456,493,https://rd.fharr.com/assets/sprite/몬스터/idle/abyss_arthur.gif,週五副本 [網站備註] (1@md_gef),LV100關卡（需透過奇特雕塑物用10個附魔原石機率召喚）,即時
3659,[M] 亡者君王,160,惡魔,不死4,大,23485539,223022,218388,6000,8000,330 + 0,168 + 168,536,573,https://rd.fharr.com/assets/sprite/몬스터/idle/abyss_arthur.gif,週五副本 [網站備註] (1@md_gef),LV160關卡（需透過奇特雕塑物用10個附魔原石機率召喚）,即時
3741,[M] 蜘蛛戰車,158,無形,無2,大,9799123,6301790,4225590,6400,9462,394 + 0,123 + 123,481,545,https://rd.fharr.com/assets/sprite/몬스터/idle/mechaspider.gif,洛克理奇岩嶺礦山 (rockmi1),隨機,2小時
3756,[B] 暴走的波蜜,137,人形,不死2,大,378510,30068,27066,3194,4678,60 + 0,60 + 60,424,506,https://rd.fharr.com/assets/sprite/몬스터/idle/ill_bomi.gif,第250頁 (gef_d01_i),隨機,即時
3757,[M] 憤怒的德古拉,139,惡魔,暗4,中,6909690,5365506,3635764,5451,8009,252 + 0,146 + 146,578,579,https://rd.fharr.com/assets/sprite/몬스터/idle/ill_dracula.gif,第250頁 (gef_d01_i),隨機,即時
3758,[M] 憤怒的月夜貓,118,惡魔,火3,中,4287803,2806476,1925518,4186,6138,254 + 0,81 + 81,523,578,https://rd.fharr.com/assets/sprite/몬스터/idle/ill_moonlight.gif,月夜貓的惡夢 (pay_d03_i),隨機,即時查看資訊 資訊僅供參考×整張地圖共計擊倒一定數量的「憤怒的九尾狐」。
3796,[M] 甦醒水晶龍,135,動物,水4,大,13521442,2777284,1937024,4863,7165,129 + 0,78 + 78,491,567,https://rd.fharr.com/assets/sprite/몬스터/idle/ill_ktullanux.gif,極凍幻影 (ice_d03_i),中央,20小時 至 22小時查看資訊 資訊僅供參考×在中央四周的四個祭壇上，在30秒內從第一個祭壇解除封印起到第四個祭壇解除封印後，即可召喚出來。
3804,[M] 不祥烏龜將軍,165,動物,地2,大,11628549,6863708,4293600,5512,8072,796 + 0,246 + 246,611,759,https://rd.fharr.com/assets/sprite/몬스터/idle/ill_turtle_general.gif,淒涼舊良宮 (tur_d04_i),隨機,即時
3810,[M] 國王波利,35,無形,無2,大,140000,8622,16576,0,0,20 + 0,20 + 20,235,205,https://rd.fharr.com/assets/sprite/몬스터/idle/king_poring.gif,波利村 (1@begi),隨機,即時
3811,[B] 巨大黃金波利,35,植物,地3,中,72118,12654,11130,0,0,10 + 0,10 + 10,235,205,https://rd.fharr.com/assets/sprite/몬스터/idle/goldporing.gif,波利村 (1@begi),隨機,即時
3812,[B] 巨大萌萌波利,35,無形,毒1,大,72810,12750,11048,0,0,10 + 0,10 + 10,235,205,https://rd.fharr.com/assets/sprite/몬스터/idle/poring.gif,波利村 (1@begi),隨機,即時
20260,[M] 光芒泰迪熊,160,無形,聖4,大,10724874,3586888,3237228,3672,5340,313 + 0,152 + 152,536,549,https://rd.fharr.com/assets/sprite/몬스터/idle/teddy_bear_s.gif,羅斯里安帝國 (ein_d02_i),中央,條件式查看資訊 資訊僅供參考×召喚條件為「單一伺服器每當各種顏色泰迪熊被擊倒數量皆達2500隻以上時」，「光芒泰迪熊」即會在中央地帶重生，擊倒後或伺服器重開機時重新計算。
20273,[M] 古代塔奧群卡,169,惡魔,無3,大,19280000,8003504,6002628,6081,8915,905 + 0,143 + 143,585,551,https://rd.fharr.com/assets/sprite/몬스터/idle/ill_tao_gunka.gif,北邊洞穴盧安達 (com_d02_i),隨機,條件式查看資訊 資訊僅供參考×1) 當伺服器自例行性維護後、或上一次出現的MVP死亡後一小時起算，各族的手下魔物均打倒至1500隻，則該族的MVP即出現。2) 當打倒MVP時，則地圖內所有其他現存的魔物將會陣亡，同時出現另一族的手下魔物。
20277,[M] 古代伍坦防禦者,169,人形,火4,大,20154000,8003104,6002328,6225,9143,874 + 0,143 + 143,567,554,https://rd.fharr.com/assets/sprite/몬스터/idle/ill_wootan_defender.gif,北邊洞穴盧安達 (com_d02_i),隨機,條件式查看資訊 資訊僅供參考×1) 當伺服器自例行性維護後、或上一次出現的MVP死亡後一小時起算，各族的手下魔物均打倒至1500隻，則該族的MVP即出現。2) 當打倒MVP時，則地圖內所有其他現存的魔物將會陣亡，同時出現另一族的手下魔物。
20340,[M] EL-A17T,118,無形,無3,大,0,5279658,4585648,1525,2143,355 + 0,42 + 42,461,490,https://rd.fharr.com/assets/sprite/몬스터/idle/md_el_a17t.gif,柯爾記憶迷宮 (1@cor),隨機,即時
20346,[M] 米古爾,115,人形,風4,中,8600000,2400000,1800000,3787,5527,216 + 0,95 + 95,430,464,https://rd.fharr.com/assets/sprite/몬스터/idle/md_miguel.gif,佔領歐斯大作戰 (1@os_a),隨機,即時
20346,[M] 米古爾,115,人形,風4,中,8600000,2400000,1800000,3787,5527,216 + 0,95 + 95,430,464,https://rd.fharr.com/assets/sprite/몬스터/idle/md_miguel.gif,封鎖的歐斯 (1@os_b),隨機,即時
20347,[B] 米古爾G,115,人形,風4,中,8600000,0,0,3787,5527,216 + 0,95 + 95,430,464,https://rd.fharr.com/assets/sprite/몬스터/idle/md_miguel_g.gif,佔領歐斯大作戰 (1@os_a),隨機,即時
20347,[B] 米古爾G,115,人形,風4,中,8600000,0,0,3787,5527,216 + 0,95 + 95,430,464,https://rd.fharr.com/assets/sprite/몬스터/idle/md_miguel_g.gif,封鎖的歐斯 (1@os_b),隨機,即時
20353,[B] 絕望朵洛爾,111,無形,無2,中,3441000,2350800,1174000,2991,4351,42 + 0,65 + 65,388,516,https://rd.fharr.com/assets/sprite/몬스터/idle/dolor.gif,雷根修蘆 (1@rgsr),隨機,即時
20381,[M] R48-85-貝斯帝亞,174,動物,無4,大,8885000,8003000,6009000,0,0,855 + 0,124 + 124,618,599,https://rd.fharr.com/assets/sprite/몬스터/idle/ep17_1_r4885_bestia.gif,實驗體廢棄場魯杜斯三樓 (sp_rudus3),隨機,即時
20386,[M] 詛咒施密特國王,110,人形,無3,中,9200000,0,0,0,0,0 + 0,0 + 0,310,280,https://rd.fharr.com/assets/sprite/몬스터/idle/md_gh_king_schmidt.gif,克雷斯特漢姆的沒落 (1@gl_prq),簡易模式 - 尾王,1天
20387,[M] 詛咒施密特國王,175,人形,無3,中,45000000,1068376,2617518,0,0,680 + 0,90 + 90,375,345,https://rd.fharr.com/assets/sprite/몬스터/idle/md_gh_king_schmidt.gif,克雷斯特漢姆的沒落 (1@gl_prq),困難模式 - 尾王,3天
20390,[B] 騎士的冤魂,111,不死,聖2,大,58650,0,0,0,0,0 + 0,0 + 0,311,281,https://rd.fharr.com/assets/sprite/몬스터/idle/md_gh_whiteknight.gif,克雷斯特漢姆的沒落 (1@gl_prq),簡易模式 - 隨機,即時
20391,[B] 騎士的冤魂,175,人形,聖2,大,1380000,0,0,0,0,0 + 0,0 + 0,375,345,https://rd.fharr.com/assets/sprite/몬스터/idle/md_gh_whiteknight.gif,克雷斯特漢姆的沒落 (1@gl_prq),困難模式 - 隨機,即時
20419,[M] 堅硬穆希貝斯寇,188,惡魔,火3,中,48530254,19412100,13588470,0,0,791 + 0,331 + 331,565,546,https://rd.fharr.com/assets/sprite/몬스터/idle/muspellskoll_mj.gif,朱諾 諾可羅德 3樓 (mag_dun03),隨機,3天
20421,[M] 汙染蜘蛛女王,195,惡魔,暗3,大,74530159,29849390,20894572,0,0,285 + 0,112 + 112,586,478,https://rd.fharr.com/assets/sprite/몬스터/idle/brinaranea_mj.gif,克雷斯特漢姆古城深淵1樓 (gl_cas01_),隨機,2小時7分鐘
20422,[M] 汙染黑暗之王,194,不死,不死3,大,74289189,29790728,20853510,0,0,503 + 0,134 + 134,566,661,https://rd.fharr.com/assets/sprite/몬스터/idle/dark_lord_mj.gif,克雷斯特漢姆古城深淵1樓 (gl_cas01_),隨機,2小時10分鐘
20520,[M] 混沌巴風特,178,惡魔,暗3,大,21278744,8511498,5958048,0,0,343 + 0,122 + 122,566,592,https://rd.fharr.com/assets/sprite/몬스터/idle/ill_baphomet.gif,扭曲的迷宮森林 (prt_mz03_i),隨機,1小時
20521,[B] 혼돈의 안드레마,177,人形,無4,中,1057547,0,0,0,0,330 + 0,110 + 110,377,347,https://rd.fharr.com/assets/sprite/몬스터/idle/ill_andrea.gif,扭曲的迷宮森林 (prt_mz03_i),擊殺「混沌巴風特」後隨機從服事系挑選一支重生，若「混沌巴風特」重生後未被擊殺時將無法重生「混沌服事系列」魔物其一。,1小時
20536,[M] 無名劍士,180,人形,火2,中,75500000,0,0,0,0,585 + 0,235 + 235,380,350,https://rd.fharr.com/assets/sprite/몬스터/idle/md_ed_b_ygnizem.gif,停屍間 (1@gol2),隨機,未知
20572,[M] 希梅爾茲幻影,195,天使,聖3,中,600000000,0,0,0,0,514 + 0,92 + 92,395,365,https://rd.fharr.com/assets/sprite/몬스터/idle/c_himel.gif,污染的次元 (1@gl_he),最終王關隨機出現其一,未知
20573,[M] 闇答萊屍幻影,192,惡魔,暗3,大,900000000,0,0,0,0,446 + 0,82 + 82,392,362,https://rd.fharr.com/assets/sprite/몬스터/idle/c_amdarais.gif,污染的次元 (1@gl_he),最終王關隨機出現其一,未知
20575,[B] 無限墮落根莖,190,惡魔,地3,大,0,0,0,0,0,667 + 0,98 + 98,390,360,https://rd.fharr.com/assets/sprite/몬스터/idle/c_corruption.gif,污染的次元 (1@gl_he),中央走道,未知
20601,[M] 珠寶溫古力安特,197,昆蟲,無4,大,37847096,7406728,3784710,0,0,345 + 0,90 + 90,587,655,https://rd.fharr.com/assets/sprite/몬스터/idle/jungoliantd1_mj.gif,艾音貝赫礦山3樓 (ein_dun03),隨機,未知
20610,[M] 巴基力雷吉麗芙,207,天使,火4,中,79619337,11400806,7980564,0,0,506 + 0,94 + 94,608,675,https://rd.fharr.com/assets/sprite/몬스터/idle/reginleif.gif,古代奧丁神殿 (odin_past),隨機,未知
20611,[M] 巴基力英格麗,207,天使,水4,中,79577937,11368276,7957794,0,0,374 + 0,92 + 92,612,650,https://rd.fharr.com/assets/sprite/몬스터/idle/ingrid.gif,古代奧丁神殿 (odin_past),隨機,未知
20618,[M] 骷髏迪塔勒泰晤勒斯,209,不死,不死4,大,88466828,12301816,8611272,0,0,451 + 0,81 + 81,612,667,https://rd.fharr.com/assets/sprite/몬스터/idle/bone_detale.gif,毀葛深淵湖水地下洞穴4樓 (abyss_04),隨機,未知
20620,[M] 卡帕,135,無形,無1,小,0,0,0,0,0,0 + 0,0 + 0,335,305,https://rd.fharr.com/assets/sprite/몬스터/idle/redpepper.gif,祕密花園 (1@herbs),簡易模式 - 隨機,即時
20648,[M] 大王喵喵,168,動物,火3,小,0,0,0,0,0,462 + 0,103 + 103,368,338,https://rd.fharr.com/assets/sprite/몬스터/idle/pitaya_boss.gif,失落的山谷飼養場 (ba_lost),隨機,未知
20659,[M] 大王喵喵,138,植物,火3,小,9999999,0,0,0,0,498 + 0,80 + 80,338,308,https://rd.fharr.com/assets/sprite/몬스터/idle/pitaya_boss.gif,被時間遺忘的飼養場 (1@lost),簡易模式 - 隨機,即時
20667,[M] 席瓦帕皮利亞,145,植物,暗2,大,0,0,0,0,0,241 + 0,90 + 90,345,315,https://rd.fharr.com/assets/sprite/몬스터/idle/silva_papilia.gif,水上花園 (1@ghg),簡易模式 - 隨機,即時
20782,[B] 鴉魔首領,205,惡魔,風4,中,3894053,0,0,0,0,514 + 0,129 + 129,405,375,https://rd.fharr.com/assets/sprite/몬스터/idle/crow_duke.gif,達納托斯塔台上層部 煩惱之房 (tha_t09),隨機,即時
20783,[B] 鴉魔男爵,205,惡魔,無4,中,3893746,0,0,0,0,508 + 0,129 + 129,405,375,https://rd.fharr.com/assets/sprite/몬스터/idle/crow_baron.gif,達納托斯塔台上層部 煩惱之房 (tha_t09),隨機,即時
20784,[M] 魔劍士 達納托斯的記憶,210,惡魔,念4,大,442473041,0,0,0,0,390 + 0,86 + 86,410,380,https://rd.fharr.com/assets/sprite/몬스터/idle/md_thanatos.gif,達納托斯塔台 惡魔劍士 達納托斯記憶 [網站備註] (8@thts),隨機,即時
20785,[M] MD_BROKEN_THANATOS,999,無形,無1,小,0,0,0,0,0,0 + 0,0 + 0,1199,1169,https://rd.fharr.com/assets/sprite/몬스터/idle/md_broken_thanatos.gif,,,
20811,[M] 深海魔鬼大烏賊,204,魚貝,水4,大,14342360,0,0,0,0,335 + 0,271 + 271,404,374,https://rd.fharr.com/assets/sprite/몬스터/idle/ill_kraken.gif,深淵海底洞穴下層樓 (iz_d05_i),隨機,未知
20919,[M] 噩夢小丑皇,189,無形,毒3,小,2100000000,0,0,0,0,200 + 0,400 + 400,389,359,https://rd.fharr.com/assets/sprite/몬스터/idle/carat.gif,,,
20928,[M] CHIMERA_THEONE,999,無形,無1,小,0,0,0,0,0,0 + 0,0 + 0,1199,1169,https://rd.fharr.com/assets/sprite/몬스터/idle/chimera_theone.gif,廢棄研究所 艾米基提亞 二樓 : 集中培養室 [網站備註] (amicitia2),隨機,未知
20934,[M] R001-貝斯蒂亞,215,動物,暗2,大,37957533,0,0,0,0,540 + 0,140 + 140,415,385,https://rd.fharr.com/assets/sprite/몬스터/idle/r001_bestia.gif,實驗體廢棄場魯杜斯四樓 [網站備註] (sp_rudus4),隨機,未知
20943,[M] DEATH_WITCH,999,無形,無1,小,0,0,0,0,0,0 + 0,0 + 0,1199,1169,https://rd.fharr.com/assets/sprite/몬스터/idle/death_witch.gif,尼芙菲姆密穴 二樓 : 崩毀的歌劇院 [網站備註] (nif_dun02),隨機,未知
21301,[M] 불태우는 송곳니,212,,無1,,0,0,0,0,0,0 + 0,0 + 0,412,382,https://rd.fharr.com/assets/sprite/몬스터/idle/ep18_burning_fang.gif,奧茲迷宮2F [網站備註] (oz_dun02),隨機,未知
21395,[M] ILL_MAYA,999,,無1,,0,0,0,0,0,0 + 0,0 + 0,1199,1169,https://rd.fharr.com/assets/sprite/몬스터/idle/ill_maya.gif,認知的庭園(幻影) [網站備註] (ant_d02_i),隨機,未知
